<?xml version="1.0" encoding="UTF-8" standalone="yes"?>
<addon id="plugin.video.ManoRoja" name="[COLOR blue]ManoRoja[/COLOR]" version="1.2.0" provider-name="DanValBel">
  <requires>
    <import addon="xbmc.python" version="2.1.0"/>
	<import addon="script.module.t0mm0.common" version="2.0.0"/>
    <import addon="script.module.beautifulsoup" version="3.2.1"/>
    <import addon="script.module.simple.downloader" version="0.9.4"/>
    <import addon="script.module.beautifulsoup4" />
    <import addon="script.module.simple.downloader" version="0.9.4"/>
    <import addon="script.module.requests" />
    <import addon="script.module.httplib2" />
    <import addon="script.module.youtube.dl" optional="true"/>
    <import addon="plugin.video.youtube" version="3.0.0"/>
    <import addon="script.module.urlresolver" optional="true"/>
    <import addon="script.module.simplejson" /> 
    <import addon="script.common.plugin.cache" version="2.5.2"/>
    <import addon="script.module.metahandler" version="2.5.1"/>
  </requires>
  
  <extension point="xbmc.python.pluginsource" library="default.py">
    <provides>video</provides>
  </extension>
  
  <extension point="xbmc.addon.repository" name="Mi repositorio">
        <info>https://raw.githubusercontent.com/danvalbel/repo/master/Repositorio/addons.xml</info>
        <checksum>https://raw.githubusercontent.com/danvalbel/repo/master/Repositorio/addons.xml.md5</checksum>
        <datadir zip="true">https://github.com/danvalbel/repo/tree/master/Repositorio</datadir>
    </extension>
	
  <extension point="xbmc.addon.metadata">
    <summary lang="en">ManoRoja TV España addon libre de donaciones</summary>
    <description lang="en">TV España Stop Donaciones Gracias. Los links utilizados los puedes encontrar en internet</description>
    <platform>all</platform>
	<assets>
        <icon>icon.png</icon>
        <fanart>fanart.gif</fanart>
    </assets>
  </extension>
</addon>
