<?xml version="1.0" encoding="UTF-8" standalone="yes"?>
<addon id="plugin.video.FamilyCooking" name="[COLOR gold]Family Cooking[/COLOR]"	version="1.0"	provider-name="KQ"> 
  <requires>
    <import addon="xbmc.python" version="2.1.0"/>
    <import addon="script.module.addon.common" version="2.0.0"/>
    <import addon="plugin.video.youtube" version="5.0.0"/>
  </requires>
  <extension point="xbmc.python.pluginsource" library="pulse.py">
    <provides>video</provides>
  </extension>
  <extension point="xbmc.addon.metadata">
    <summary lang="en">Disfrutando de la cocina con Eli y Georgina</summary>
    <description lang="en"></description>
    <disclaimer lang="en"></disclaimer>
    <platform>all</platform>
    <forum>n/a</forum>
    <website>n/a</website>
  </extension>
</addon>