<?xml version="1.0" encoding="UTF-8" standalone="yes"?>
<addon id="plugin.video.vodmx"
       name="[COLOR deeppink]VODMX[/COLOR]"
       version="2.0.6"
       provider-name="VODMX Team">
  <requires>
    <import addon="xbmc.python" version="2.1.0"/>
    <import addon="script.module.beautifulsoup" version="3.2.1"/>
    <import addon="script.module.simple.downloader" version="0.9.4"/>
    <import addon="script.module.beautifulsoup4" />
    <import addon="script.module.requests" />
    <import addon="script.module.httplib2" />
    <import addon="script.module.liveresolver" version="0.1.24" optional="true"/>
    <import addon="script.module.youtube.dl" optional="true"/>
    <import addon="plugin.video.youtube" optional="true" />
    <import addon="script.module.urlresolver" version="4.0.0"/>
    <import addon="script.module.simplejson" />    
     <import addon="script.module.livestreamer" optional="true"/>
     <import addon="script.module.pyamf" optional="true"/>
  </requires>
  <extension point="xbmc.python.pluginsource" library="default.py">
    <provides>video</provides>
  </extension>


  <extension point="xbmc.addon.metadata">
    <summary>VODMX es un addon enfocado en compartir contenido en latino. Visita nuestro sitio http://vodmx.tv o únete a nuestro telegram https://t.me/VODmx.</summary>
    <description>
        Gracias a todos por su preferencia, si deseas aportar al proyecto, puedes hacerlo mediante donaciones o material. Visita nuestro sitio http://vodmx.tv o únete a nuestro telegram http://telegram.me/vodmx
    </description>
    <platform>all</platform>
  </extension>
</addon>
