{
    "active": true, 
    "adult": false, 
    "categories": [
        "movie", 
        "tvshow"
    ], 
    "changes": [
        {
            "date": "27/02/2019",
            "description": "Fix por cambio en la web"
        },
        {
            "date": "08/12/2018", 
            "description": "Añadida búsqueda por generos"
        }, 
        {
            "date": "23/02/18", 
            "description": "Primera versión"
        }
    ], 
    "id": "cliver", 
    "min_version": {
        "main": "1.1.1",
        "python": null
    }, 
    "name": "Cliver", 
    "newest": {
        "episode": {
            "action": "newest_episodes", 
            "content_type": "episodes", 
            "url": "http://www.cliver.tv/series/nuevos-capitulos/"
        }, 
        "movie": {
            "action": "contents", 
            "content_type": "movies", 
            "url": "http://www.cliver.tv"
        }
    }, 
    "search": {
        "movie": {
            "action": "search_movies", 
            "content_type": "movies"
        }, 
        "movie_gender": {
            "action_gender": "contents", 
            "content_type": "movies", 
            "url": {
                "action": "http://www.cliver.tv/peliculas/genero/accion/", 
                "adventure": "http://www.cliver.tv/peliculas/genero/aventura/", 
                "animation": "http://www.cliver.tv/peliculas/genero/animacion/", 
                "comedy": "http://www.cliver.tv/peliculas/genero/comedia/", 
                "drama": "http://www.cliver.tv/peliculas/genero/drama/", 
                "fantasia": "http://www.cliver.tv/peliculas/genero/fantasia/", 
                "intrigue": "http://www.cliver.tv/peliculas/genero/suspenso/", 
                "musical": "http://www.cliver.tv/peliculas/genero/musical/", 
                "romantic": "http://www.cliver.tv/peliculas/genero/romantico/", 
                "science-fiction": "http://www.cliver.tv/peliculas/genero/ciencia-ficcion/", 
                "terror": "http://www.cliver.tv/peliculas/genero/terror/", 
                "war": "http://www.cliver.tv/peliculas/genero/belico/", 
                "western": "http://www.cliver.tv/peliculas/genero/western/"
            }
        }, 
        "tvshow": {
            "action": "search_tv", 
            "content_type": "tvshows"
        }
    }, 
    "settings": [], 
    "version": 3
}