<?xml version="1.0" encoding="UTF-8" standalone="yes" ?> 
<item>
  <title>[COLOR white]Peliculas[/COLOR]</title> 
  <link>ignorame</link> 
  <externallink>http://pastebin.com/raw/wTvt2i6k</externallink> 
  <thumbnail /> 
  <fanart /> 
  </item>

<item>
    <title>[COLOR cyan]Lista Catotal[/COLOR]</title>
    <link>http://Ignoreme</link>
    <externallink>http://dl.dropboxusercontent.com/s/z3ya4ms0da3vvuk/catoal.xml</externallink>
        <thumbnail>http://i739.photobucket.com/albums/xx33/catoal/tecnologia-organiza-tu-coleccion-de-peliculas-la-b.jpg</thumbnail>
</item>  
 
<item>
    <title>[COLOR purple]Adryan List[/COLOR]</title>
    <link>http://Ignoreme</link>
    <externallink>http://shadowcrew.info/adryan/list.xml</externallink>
         <fanart>http://i.imgur.com/7izulmv.jpg</fanart>
        <thumbnail>http://i.imgur.com/MWSXNtp.png</thumbnail>
</item>  
 
<item>
    <title>[COLOR darkorange]Lista de tohe xbmcmania[/COLOR]</title>
    <link>http://Ignoreme</link>
    <externallink>http://pastebin.com/raw.php?i=n6RQLvQy</externallink>
        <thumbnail>http://i739.photobucket.com/albums/xx33/catoal/tecnologia-organiza-tu-coleccion-de-peliculas-la-b.jpg</thumbnail>
</item>
 
<item>
    <title>[COLOR darkviolet]Lista de PVPNetworkTutoriales[/COLOR]</title>
    <link>http://Ignoreme</link>
    <externallink>https://dl.dropboxusercontent.com/s/kzgeidld1mqjc6h/menu%201.xml</externallink>
        <thumbnail>http://i739.photobucket.com/albums/xx33/catoal/tecnologia-organiza-tu-coleccion-de-peliculas-la-b.jpg</thumbnail>
</item>
 
 
<item>
        <title>[COLOR green]Lista de Samcro[/COLOR]</title>
        <link>http://Ignoreme</link>
        <externallink>http://dl.dropboxusercontent.com/u/66945917/lista.xml</externallink>
        <thumbnail>http://i739.photobucket.com/albums/xx33/catoal/tecnologia-organiza-tu-coleccion-de-peliculas-la-             b.jpg</thumbnail>
</item>
 
 
<item>
    <title>[COLOR cyan]Lista LMPC[/COLOR]</title>
    <link>http://Ignoreme</link>
    <externallink>https://dl.dropboxusercontent.com/s/xf1wm1osvnalzn9/lista.xml</externallink>
        <thumbnail>http://i739.photobucket.com/albums/xx33/catoal/tecnologia-organiza-tu-coleccion-de-peliculas-la-b.jpg</thumbnail>
</item>
 
 
<