<?xml version="1.0" encoding="UTF-8" standalone="yes"?>
<addon id="repository.tmb" name="[COLORdodgerblue]Trademark Repository[/COLOR]" version="2.05" provider-name="Trademark">
<extension point="xbmc.addon.repository" name="Trademark Repository">
<addon id="plugin.video.thekingdom" name="TheKingdom" version="7.5.1" provider-name="MrGhost">
    <requires>
        <import addon="xbmc.python" version="2.19.0" />
        <import addon="script.module.universalscrapers" version="1.0.0" />
        <import addon="script.module.python.koding.aio" version="0.9.9.4.2" />
        <import addon="script.module.beautifulsoup" version="3.2.1" />
        <import addon="script.module.requests" version="2.9.1" />
        <import addon="script.module.addon.common" version="2.0.0" />
        <import addon="script.module.xmltodict" version="0.9.0" />
        <!--<import addon="script.module.web-pdb" version="1.0"/>-->
        <import addon="script.module.resolveurl" version="5.0.00" optional="true"/>
    </requires>
    <extension point="xbmc.python.pluginsource" library="default.py">
        <provides>video</provides>
    </extension>
    <extension point="xbmc.service" library="service.py" start="[login|startup]" />
    <extension point="xbmc.addon.metadata">
      <summary lang="en">All In One Streaming Tv</summary>
      <description lang="en">StreamingTv</description>
      <disclaimer lang="en">The author of this addon do not host any of the content which is found and have no affiliation with any of the content providers. This addon simply searches websites for content. Use at your own risk!</disclaimer>
       <platform>all</platform>
      </extension>
</addon>
<addon id="plugin.video.oculus" name="Oculus" version="1.26" provider-name="Trademark">
    <requires>
        <import addon="xbmc.python" version="2.19.0" />
        <import addon="script.module.universalscrapers" version="1.0.0" />
        <import addon="script.module.python.koding.aio" version="0.9.9.4.2" />
        <import addon="script.module.beautifulsoup" version="3.2.1" />
        <import addon="script.module.requests" version="2.9.1" />
        <import addon="script.module.addon.common" version="2.0.0" />
        <import addon="script.module.xmltodict" version="0.9.0" />
        <!--<import addon="script.module.web-pdb" version="1.0"/>-->
        <import addon="script.module.resolveurl" version="5.0.00" optional="true"/>
    </requires>
    <extension point="xbmc.python.pluginsource" library="default.py">
        <provides>audio video</provides>
    </extension>
    <extension point="xbmc.service" library="service.py" start="[login|startup]" />
    <extension point="xbmc.addon.metadata">
      <summary lang="en">MOVIES-TV SHOWS Powered By TMDB *TRADEMARK TMB</summary>
      <summary lang="he">הרחבת וידאו Jen</summary>
      <description lang="en">MOVIES-TV SHOWS Powered By TMDB *TRADEMARK TMB</description>
      <description lang="he">האחות הקטנה של בוב</description>
      <disclaimer lang="en">The author of this addon do not host any of the content which is found and have no affiliation with any of the content providers. This addon simply searches websites for content. Use at your own risk!</disclaimer>
      <disclaimer lang="he">מחבר ההרחבה זה אינו מארח את התוכן שיתכן ויימצא ואין לו זיקה לאף אחד מספקי התוכן. הרחבה רק מחפשת תוכן שקיים באתרי אינטרנט. השימוש בהרחבה הוא על אחריותך בלבד!</disclaimer>
      <platform>all</platform>
        <website>www.noobsandnerds.com</website>
        <video_guide>xtOqLY5PJDY</video_guide>
    </extension>
</addon>
<addon id="program.plexus"
       name="Plexus"
       version="0.1.7"
       provider-name="enen92, TVAddons, RonnieHD">
  <requires>
    <import addon="xbmc.python" version="2.1.0"/>
    <import addon="script.module.requests" />
  </requires>
  <extension point="xbmc.python.pluginsource"
            library="default.py">
        <provides>executable</provides>
  </extension>
  
  <extension point="xbmc.addon.metadata">
    <summary>SopCast and AceStream for Kodi</summary>
    <description lang="en">Plexus - Any complex structure containing an intricate network of parts. Plexus brings native peer-to-peer support (AceStream and SopCast) for Kodi Entertainment Center for several platforms.[CR][CR]Documentation: (missing)</description>
    <description lang="pt">Plexus - Uma estrutura complexa constituída por uma rede de partes. O Plexus adiciona suporte peer-to-peer nativo (AceStream e Sopcast) ao Kodi Entertainment Center para várias plataformas.[CR][CR]Documentação: (em falta)</description>
    <description lang="es">Plexus - Una estructura compleja conteniendo una intrincada red de partes. Plexus añade soporte nativo peer-to-peer (AceStream y SopCast) al Centro de Entretenimiento Kodi para varias plataformas.[CR][CR]Documentacion: (falta)</description>
	<disclaimer lang="en">The author does not host nor distribute any of the content you may watch using this addon. The author has no part in the development of any included technologies. When seeking help in Kodi's forum please respect rules (http://kodi.wiki/view/Forum_rules).</disclaimer>
    <disclaimer lang="pt">Os autores não alojam nem distribuem nenhum do conteúdo que poderá ser reproduzido a partir deste addon. Os autores não têm qualquer parte no desenvolvimento de qualquer uma das tecnologias. Se procurar ajuda no fórum oficial do Kodi por favor respeite as regras do fórum (http://kodi.wiki/view/Forum_rules).</disclaimer>
   	<disclaimer lang="es">El autor no aloja ni distribuye cualquier contenido que ud. pudiera reproducir usando este addon. El autor no tiene participacion en el desarrollo de cualquier tecnologia incluida. Cuando requiera ayuda en el foro de Kodi por favor respete las reglas (http://kodi.wiki/view/Forum_rules).</disclaimer>
    <platform>all</platform>
  </extension>
</addon>
</extension>
  <extension point="xbmc.addon.metadata">
    <summary lang="en">Trademark Repository</summary>
    <description lang="en">Please visit http://tmbkodi.com click on some of the adverts to help with the server costs. Thank you.</description>
    <platform>all</platform>
	<forum>http://koditalk.org/</forum>
    <website>https://tmbkodi.com/</website>
  <assets>
	<icon>repo-icon.png</icon>
	<fanart>repo-fanart.jpg</fanart>
  </assets>
  </extension>
</addon>