<?xml version="1.0" encoding="UTF-8"?>

<colors>

	<color name="white">FFFfffff</color>
	<color name="grey">FFb4b4b4</color>
	<color name="grey2">FF999999</color>
	<color name="grey3">FF505050</color>
	<color name="black">FF000000</color>
	<color name="blue">FF0084ff</color>
	<color name="selected">FFffffff</color>
	<color name="invalid">FFFF0000</color>
	
	
	<color name="bg.overlay">35000000</color>
	<color name="dialog.overlay">50000000</color>
	<color name="button.nf">ffffffff</color>
	<color name="text.primary">FFffffff</color>
	<color name="text.secondary">FFffffff</color>
	<color name="disabled">AABBBBBB</color>
	<color name="shadow">50222222</color>
	
	<color name="primary">FFFFFFFF</color>
	<color name="secondary">FF000000</color>
	<color name="tertiary">FFF1F1F1</color>
	<color name="tertiary2">FFDDDDDD</color>
	
	<color name="shade.1">15FFFFFF</color>
	
	<color name="button.border">FFCCCCCC</color>
	<color name="scroll.secondary">FFDDDDDD</color>
	
	
	<color name="red">FFFF0000</color>
	<color name="green">FF00FF00</color>
	<color name="pink">FFFA04DA</color>
	<color name="orange">FFFAA604</color>
	
</colors>