<?xml version="1.0" encoding="UTF-8" standalone="yes"?>
<addon id="plugin.video.dance" name="[COLOR lightblue]Dance Music[/COLOR]"	version="0.1"	provider-name="DJ"> 
  <requires>
    <import addon="xbmc.python" version="2.1.0"/>
    <import addon="script.module.addon.common" version="2.0.0"/>
    <import addon="plugin.video.youtube" version="5.0.0"/>
  </requires>
  <extension point="xbmc.python.pluginsource" library="pulse.py">
    <provides>audio</provides>
  </extension>
  <extension point="xbmc.addon.metadata">
    <summary lang="en">Dance Sessions</summary>
    <description lang="en">Gracias Anabel por orientarme.</description>
    <disclaimer lang="en"></disclaimer>
    <platform>all</platform>
    <forum>n/a</forum>
    <website>n/a</website>
  </extension>
</addon>