<template>

	<submenu include="submenu">
	
		<controls>
		
			<!--sub menus-->
			<control type="fixedlist" id="9901">
				<skinshortcuts>visibility</skinshortcuts>
				<left>285</left>
				<top>115</top>
				<width>1350</width>
				<height>60</height>
				<onup>9000</onup>
				<ondown>9002</ondown>
				<itemgap>0</itemgap>
				<focusposition>2</focusposition>
				<movement>2</movement>
				<orientation>Horizontal</orientation>
				
				<animation effect="slide" start="0,0" end="-135,0" time="0" condition="StringCompare(Container(9901).NumItems,2) | StringCompare(Container(9901).NumItems,4)">conditional</animation>
				
				
				<itemlayout width="270" height="60">
				
					<control type="image">
						<height>60</height>
						<width>270</width>
						<texture colordiffuse="tertiary"></texture>
					</control>
					
					<control type="label">
						<height>60</height>
						<width>270</width>
						<align>center</align>
						<aligny>center</aligny>
						<font>main.menu2</font>
						<textcolor>ffffffff</textcolor>
						<info>ListItem.Label</info>
					</control>
				
				</itemlayout>
				
				<focusedlayout width="270" height="60">
				
					<control type="image">
						<height>60</height>
						<width>270</width>
						<texture colordiffuse="$VAR[Colour.500]"></texture>
						<visible>Control.HasFocus(9901)</visible>
					</control>
					
					<control type="label">
						<height>60</height>
						<width>270</width>
						<align>center</align>
						<aligny>center</aligny>
						<font>main.menu2</font>
						<textcolor>ffffda02</textcolor>
						<info>ListItem.Label</info>
						<visible>Control.HasFocus(9901)</visible>
					</control>
					
					<control type="image">
						<height>60</height>
						<width>270</width>
						<texture colordiffuse="tertiary"></texture>
						<visible>!Control.HasFocus(9901)</visible>
					</control>
					
					<control type="label">
						<height>60</height>
						<width>270</width>
						<align>center</align>
						<aligny>center</aligny>
						<font>main.menu2</font>
						<textcolor>ffffffff</textcolor>
						<info>ListItem.Label</info>
						<visible>!Control.HasFocus(9901)</visible>
					</control>
				
				</focusedlayout>
				
				<content>
				
					<skinshortcuts>items</skinshortcuts>
					
				</content>
				
			</control>
			
			<control type="group">
				<skinshortcuts>visibility</skinshortcuts>
				
				
				<include>HomeSubMenuArrows</include>
			
			</control>
			
		</controls>
		
	</submenu>
	
	<other include="widget">

		<!-- We're going to use this template for all widgets with a widgetPath element -->
		<condition tag="property" attribute="name|widgetPath" />
		<condition tag="property" attribute="name|widgetLayout">Poster</condition>

		<!-- Retrieve the widgetPath and widgetTarget properties -->
		<property name="content" tag="property" attribute="name|widgetPath" />
		<property name="target" tag="property" attribute="name|widgetTarget" />
		
		<property name="id" tag="mainmenuid" />

		<property name="artwork">$VAR[HomeWidgetPosterVar]</property>

		<controls>
			
			<!--all content-->
			<control type="group" id="9003">
				<skinshortcuts>visibility</skinshortcuts>
				<onup>20</onup>
				<ondown condition="System.HasAddon(script.globalsearch)">608</ondown>
				<ondown condition="!System.HasAddon(script.globalsearch)">603</ondown>
				<visible>!Window.IsVisible(Favourites)</visible>
				<include>VisibleFadeEffect</include>
				<animation effect="fade" time="300" delay="1000">WindowOpen</animation>
				<animation effect="fade" time="200">WindowClose</animation>
				
				<!--recently added movies-->
				<control type="group">
					<left>0</left>
					<top>75</top>
					<skinshortcuts>visibility</skinshortcuts>
					<include>VisibleFadeEffect</include>
					
					<!--title label-->
					<control type="label">
						<centerleft>50%</centerleft>
						<top>200</top>
						<height>30</height>
						<width>810</width>
						<label>$INFO[Container(9000).ListItem.Property(widgetName)]</label>
						<align>center</align>
						<aligny>center</aligny>
						<font>breadcrumb.secondary</font>
						<textcolor>white</textcolor>
						<shadowcolor>button.nf</shadowcolor>
					</control>
					
					<!--content list-->
					<control type="list" id="8011$SKINSHORTCUTS[id]">
						<skinshortcuts>visibility</skinshortcuts>
						<animation effect="slide" start="0,0" end="105,0" time="0" condition="StringCompare(Container(8011$SKINSHORTCUTS[id]).NumItems,4)">conditional</animation>
						<animation effect="slide" start="0,0" end="210,0" time="0" condition="StringCompare(Container(8011$SKINSHORTCUTS[id]).NumItems,3)">conditional</animation>
						<animation effect="slide" start="0,0" end="315,0" time="0" condition="StringCompare(Container(8011$SKINSHORTCUTS[id]).NumItems,2)">conditional</animation>
						<animation effect="slide" start="0,0" end="420,0" time="0" condition="StringCompare(Container(8011$SKINSHORTCUTS[id]).NumItems,1)">conditional</animation>
						<centerleft>50%</centerleft>
						<top>285</top>
						<width>1050</width>
						<height>330</height>
						<onleft>8011$SKINSHORTCUTS[id]</onleft>
						<onright>8011$SKINSHORTCUTS[id]</onright>
						<onup>20</onup>
						<ondown condition="System.HasAddon(script.globalsearch)">608</ondown>
						<ondown condition="!System.HasAddon(script.globalsearch)">603</ondown>
						<viewtype label="535">list</viewtype>
						<pagecontrol>-</pagecontrol>
						<scrolltime>200</scrolltime>
						<orientation>Horizontal</orientation>
						
						<itemlayout height="330" width="210">
							
							<!--thumb-->
							<control type="image">
								<left>0</left>
								<top>0</top>
								<width>210</width>
								<height>310</height>
								<aspectratio>scale</aspectratio>
								<texture background="true">$SKINSHORTCUTS[artwork]</texture>
								<bordertexture>backgrounds/poster shadow small.png</bordertexture>
								<bordersize>5</bordersize>
							</control>
							
						</itemlayout>
						
						<focusedlayout height="330" width="210">
							
							<!--thumb (focused)-->
							<control type="image">
								<left>0</left>
								<top>0</top>
								<width>210</width>
								<height>310</height>
								<aspectratio>scale</aspectratio>
								<texture background="true">$SKINSHORTCUTS[artwork]</texture>
								<bordertexture>backgrounds/white3.png</bordertexture>
								<bordersize>5</bordersize>
								<visible>Control.HasFocus(8011$SKINSHORTCUTS[id])</visible>
							</control>
							
							<!--thumb (not focused)-->
							<control type="image">
								<left>0</left>
								<top>0</top>
								<width>210</width>
								<height>310</height>
								<aspectratio>scale</aspectratio>
								<texture background="true">$SKINSHORTCUTS[artwork]</texture>
								<bordertexture>backgrounds/poster shadow small.png</bordertexture>
								<bordersize>5</bordersize>
								<visible>!Control.HasFocus(8011$SKINSHORTCUTS[id])</visible>
							</control>
				
							<!--label background-->
							<control type="image">
								<left>5</left>
								<top>265</top>
								<width>200</width>
								<height>40</height>
								<texture >backgrounds/white.png</texture>
								<visible>Control.HasFocus(8011$SKINSHORTCUTS[id])</visible>
							</control>
									
							<!--main label-->
							<control type="label">
								<left>15</left>
								<top>269</top>
								<width>180</width>
								<height>60</height>
								<font>secondary.info.light</font>
								<textcolor>text.primary</textcolor>
								<selectedcolor>white</selectedcolor>
								<align>left</align>
								<label>$INFO[ListItem.Label]</label>
								<scroll>true</scroll>
								<visible>Control.HasFocus(8011$SKINSHORTCUTS[id])</visible>
							</control>
							
						</focusedlayout>
						
						<content target="$SKINSHORTCUTS[target]">$SKINSHORTCUTS[content]</content>
				
					</control>
					
					<!--arrows-->
					<control type="group">
					
						<!--left arrow bg-->
						<control type="button" id="80001">
							<left>380</left>
							<top>295</top>
							<width>50</width>
							<height>50</height>
							<texturefocus>backgrounds/white.png</texturefocus>
							<texturenofocus colordiffuse="tertiary">backgrounds/white.png</texturenofocus>
							<onclick>Control.Move(8011$SKINSHORTCUTS[id],-1)</onclick>
							<visible>Container(8011$SKINSHORTCUTS[id]).HasPrevious</visible>
							<include>VisibleFadeEffect</include>
						</control>
						
						<!--left arrow-->
						<control type="image">
							<left>380</left>
							<top>295</top>
							<width>50</width>
							<height>50</height>
							<texture colordiffuse="text.primary">arrow-big-left.png</texture>
							<visible>Container(8011$SKINSHORTCUTS[id]).HasPrevious + !Control.HasFocus(80001)</visible>
						</control>
						
						<!--left arrow-->
						<control type="image">
							<left>380</left>
							<top>295</top>
							<width>50</width>
							<height>50</height>
							<texture>arrow-big-left.png</texture>
							<visible>Container(8011$SKINSHORTCUTS[id]).HasPrevious + Control.HasFocus(80001)</visible>
						</control>
						
						<!--right arrow bg-->
						<control type="button" id="80002">
							<description>right Arrow</description>
							<left>1490</left>
							<top>295</top>
							<width>50</width>
							<height>50</height>
							<texturefocus>backgrounds/white.png</texturefocus>
							<texturenofocus colordiffuse="tertiary">backgrounds/white.png</texturenofocus>
							<onclick>Control.Move(8011$SKINSHORTCUTS[id],1)</onclick>
							<visible>Container(8011$SKINSHORTCUTS[id]).HasNext</visible>
							<include>VisibleFadeEffect</include>
						</control>
						
						<!--right arrow-->
						<control type="image">
							<left>1490</left>
							<top>295</top>
							<width>50</width>
							<height>50</height>
							<texture colordiffuse="text.primary">arrow-big-right.png</texture>
							<visible>Container(8011$SKINSHORTCUTS[id]).HasNext + !Control.HasFocus(80002)</visible>
						</control>
						
						<!--right arrow-->
						<control type="image">
							<left>1490</left>
							<top>295</top>
							<width>50</width>
							<height>50</height>
							<texture colordiffuse="white">arrow-big-right.png</texture>
							<visible>Container(8011$SKINSHORTCUTS[id]).HasNext + Control.HasFocus(80002)</visible>
						</control>
						
					</control>
				
				</control>
				
			</control>
		
		</controls>
				
	</other>
	
	<other include="widget">

		<!-- We're going to use this template for all widgets with a widgetPath element -->
		<condition tag="property" attribute="name|widgetPath" />
		<condition tag="property" attribute="name|widgetLayout">Wide</condition>

		<!-- Retrieve the widgetPath and widgetTarget properties -->
		<property name="content" tag="property" attribute="name|widgetPath" />
		<property name="target" tag="property" attribute="name|widgetTarget" />
		
		<property name="id" tag="mainmenuid" />

		<property name="artwork">$VAR[HomeWidgetBannerVar]</property>

		<controls>
			
			<!--all content-->
			<control type="group" id="9003">
				<skinshortcuts>visibility</skinshortcuts>
				<onup>20</onup>
				<ondown condition="System.HasAddon(script.globalsearch)">608</ondown>
				<ondown condition="!System.HasAddon(script.globalsearch)">603</ondown>
				<visible>!Window.IsVisible(Favourites)</visible>
				<include>VisibleFadeEffect</include>
				<animation effect="fade" time="300" delay="1000">WindowOpen</animation>
				<animation effect="fade" time="200">WindowClose</animation>
				
				<!--recently added episodes-->
				<control type="group">
					<left>0</left>
					<top>75</top>
					<include>VisibleFadeEffect</include>
					
					<!--title-->
					<control type="label">
						<centerleft>50%</centerleft>
						<top>84</top>
						<height>30</height>
						<width>720</width>
						<label>$INFO[Container(9000).ListItem.Property(widgetName)]</label>
						<align>center</align>
						<aligny>center</aligny>
						<font>breadcrumb.secondary</font>
						<textcolor>white</textcolor>
						<shadowcolor>button.nf</shadowcolor>
					</control>
					
					<!--content list-->
					<control type="list" id="8011$SKINSHORTCUTS[id]">
						<skinshortcuts>visibility</skinshortcuts>
						<animation effect="slide" start="0,0" end="170,0" time="0" condition="StringCompare(Container(8011$SKINSHORTCUTS[id]).NumItems,3)">conditional</animation>
						<animation effect="slide" start="0,0" end="340,0" time="0" condition="StringCompare(Container(8011$SKINSHORTCUTS[id]).NumItems,2)">conditional</animation>
						<animation effect="slide" start="0,0" end="340,0" time="0" condition="StringCompare(Container(8011$SKINSHORTCUTS[id]).NumItems,1)">conditional</animation>
						<centerleft>50%</centerleft>
						<top>119</top>
						<width>1020</width>
						<height>330</height>
						<onleft>8011$SKINSHORTCUTS[id]</onleft>
						<onright>8011$SKINSHORTCUTS[id]</onright>
						<onup>20</onup>
						<ondown condition="System.HasAddon(script.globalsearch)">608</ondown>
						<ondown condition="!System.HasAddon(script.globalsearch)">603</ondown>
						<viewtype label="535">list</viewtype>
						<pagecontrol>-</pagecontrol>
						<scrolltime>200</scrolltime>
						<orientation>Horizontal</orientation>
						<focusposition>1</focusposition>
						<movement>2</movement>
						
						<itemlayout height="330" width="340">
							
							<!--bg-->
							<control type="image">
								<left>0</left>
								<top>0</top>
								<width>340</width>
								<height>242</height>
								<texture colordiffuse="true" background="true">backgrounds/white.png</texture>
								<bordertexture>backgrounds/episode shadow small.png</bordertexture>
								<bordersize>5</bordersize>
							</control>
							
							<!--thumb-->
							<control type="image">
								<left>5</left>
								<top>5</top>
								<width>330</width>
								<height>232</height>
								<aspectratio aligny="center">keep</aspectratio>
								<texture background="true">$SKINSHORTCUTS[artwork]</texture>
							</control>
							
						</itemlayout>
						
						<focusedlayout height="330" width="340">
							
							<!--bg (focus)-->
							<control type="image">
								<left>0</left>
								<top>0</top>
								<width>340</width>
								<height>242</height>
								<texture colordiffuse="black" background="true">backgrounds/white.png</texture>
								<bordertexture>backgrounds/white.png</bordertexture>
								<bordersize>5</bordersize>
								<visible>Control.HasFocus(8011$SKINSHORTCUTS[id])</visible>
							</control>
							
							<!--bg (no focus)-->
							<control type="image">
								<left>0</left>
								<top>0</top>
								<width>340</width>
								<height>242</height>
								<texture colordiffuse="true" background="true">backgrounds/white5.png</texture>
								<bordertexture>backgrounds/episode shadow small.png</bordertexture>
								<bordersize>5</bordersize>
								<visible>!Control.HasFocus(8011$SKINSHORTCUTS[id])</visible>
							</control>
							
							<!--thumb-->
							<control type="image">
								<left>5</left>
								<top>5</top>
								<width>330</width>
								<height>232</height>
								<aspectratio aligny="center">keep</aspectratio>
								<texture background="true">$SKINSHORTCUTS[artwork]</texture>
							</control>
				
							<!--label background-->
							<control type="image">
								<left>5</left>
								<top>167</top>
								<width>330</width>
								<height>70</height>
								<texture>backgrounds/white.png</texture>
								<visible>Control.HasFocus(8011$SKINSHORTCUTS[id])</visible>
							</control>
									
							<!--main label-->
							<control type="label">
								<left>15</left>
								<top>171</top>
								<width>310</width>
								<height>60</height>
								<font>secondary.info.light</font>
								<textcolor>text.primary</textcolor>
								<selectedcolor>$VAR[Colour.500]</selectedcolor>
								<align>left</align>
								<label>$INFO[ListItem.Label]</label>
								<scroll>true</scroll>
								<visible>Control.HasFocus(8011$SKINSHORTCUTS[id])</visible>
							</control>
									
							<!--secondary label-->
							<control type="label">
								<left>15</left>
								<top>201</top>
								<width>300</width>
								<height>60</height>
								<font>secondary.info.light</font>
								<textcolor>text.primary</textcolor>
								<selectedcolor>$VAR[Colour.500]</selectedcolor>
								<align>left</align>
								<label>$INFO[ListItem.Label2]</label>
								<scroll>true</scroll>
								<visible>Control.HasFocus(8011$SKINSHORTCUTS[id])</visible>
							</control>
							
						</focusedlayout>
						
						<content target="$SKINSHORTCUTS[target]">$SKINSHORTCUTS[content]</content>
						
					</control>
					
					<!--arrows-->
					<control type="group">
					
						<!--left arrow bg-->
						<control type="button" id="80011">
							<left>395</left>
							<top>205</top>
							<width>50</width>
							<height>50</height>
							<texturefocus colordiffuse="$VAR[Colour.500]">backgrounds/white.png</texturefocus>
							<texturenofocus colordiffuse="tertiary">backgrounds/white.png</texturenofocus>
							<onclick>Control.Move(8011$SKINSHORTCUTS[id],-1)</onclick>
							<visible>Container(8011$SKINSHORTCUTS[id]).HasPrevious</visible>
							<include>VisibleFadeEffect</include>
						</control>
						
						<!--left arrow-->
						<control type="image">
							<left>395</left>
							<top>205</top>
							<width>50</width>
							<height>50</height>
							<texture colordiffuse="text.primary">arrow-big-left.png</texture>
							<visible>Container(8011$SKINSHORTCUTS[id]).HasPrevious + !Control.HasFocus(80011)</visible>
						</control>
						
						<!--left arrow-->
						<control type="image">
							<left>395</left>
							<top>205</top>
							<width>50</width>
							<height>50</height>
							<texture colordiffuse="white">arrow-big-left.png</texture>
							<visible>Container(8011$SKINSHORTCUTS[id]).HasPrevious + Control.HasFocus(80011)</visible>
						</control>
						
						<!--right arrow bg-->
						<control type="button" id="80012">
							<left>1475</left>
							<top>205</top>
							<width>50</width>
							<height>50</height>
							<texturefocus colordiffuse="$VAR[Colour.500]">backgrounds/white.png</texturefocus>
							<texturenofocus colordiffuse="tertiary">backgrounds/white.png</texturenofocus>
							<onclick>Control.Move(8011$SKINSHORTCUTS[id],1)</onclick>
							<visible>Container(8011$SKINSHORTCUTS[id]).HasNext</visible>
							<include>VisibleFadeEffect</include>
						</control>
						
						<!--left arrow-->
						<control type="image">
							<left>1475</left>
							<top>205</top>
							<width>50</width>
							<height>50</height>
							<texture colordiffuse="text.primary">arrow-big-right.png</texture>
							<visible>Container(8011$SKINSHORTCUTS[id]).HasNext + !Control.HasFocus(80012)</visible>
						</control>
						
						<!--left arrow-->
						<control type="image">
							<left>1475</left>
							<top>205</top>
							<width>50</width>
							<height>50</height>
							<texture colordiffuse="white">arrow-big-right.png</texture>
							<visible>Container(8011$SKINSHORTCUTS[id]).HasNext + Control.HasFocus(80012)</visible>
						</control>
						
					</control>
					
				</control>
			
			</control>
		
		</controls>
				
	</other>

	<other include="widget">

		<!-- We're going to use this template for all widgets with a widgetPath element -->
		<condition tag="property" attribute="name|widgetPath" />
		<condition tag="property" attribute="name|widgetLayout">Square</condition>

		<!-- Retrieve the widgetPath and widgetTarget properties -->
		<property name="content" tag="property" attribute="name|widgetPath" />
		<property name="target" tag="property" attribute="name|widgetTarget" />
		
		<property name="id" tag="mainmenuid" />

		<property name="artwork">$VAR[HomeWidgetPosterVar]</property>

		<controls>
			
			<!--all content-->
			<control type="group" id="9003">
				<skinshortcuts>visibility</skinshortcuts>
				<onup>20</onup>
				<ondown condition="System.HasAddon(script.globalsearch)">608</ondown>
				<ondown condition="!System.HasAddon(script.globalsearch)">603</ondown>
				<visible>!Window.IsVisible(Favourites)</visible>
				<include>VisibleFadeEffect</include>
				<animation effect="fade" time="300" delay="1000">WindowOpen</animation>
				<animation effect="fade" time="200">WindowClose</animation>
				
				<!--recently added albums-->
				<control type="group">
					<left>0</left>
					<top>75</top>
					<include>VisibleFadeEffect</include>
					
					<!--title-->
					<control type="label">
						<centerleft>50%</centerleft>
						<top>200</top>
						<height>30</height>
						<width>720</width>
						<label>$INFO[Container(9000).ListItem.Property(widgetName)]</label>
						<align>center</align>
						<aligny>center</aligny>
						<font>breadcrumb.secondary</font>
						<textcolor>white</textcolor>
						<shadowcolor>button.nf</shadowcolor>
					</control>
					
					<!--content list-->
					<control type="list" id="8011$SKINSHORTCUTS[id]">
						<skinshortcuts>visibility</skinshortcuts>
						<animation effect="slide" start="0,0" end="123,0" time="0" condition="StringCompare(Container(8011$SKINSHORTCUTS[id]).NumItems,3)">conditional</animation>
						<animation effect="slide" start="0,0" end="246,0" time="0" condition="StringCompare(Container(8011$SKINSHORTCUTS[id]).NumItems,2)">conditional</animation>
						<animation effect="slide" start="0,0" end="369,0" time="0" condition="StringCompare(Container(8011$SKINSHORTCUTS[id]).NumItems,1)">conditional</animation>
						<centerleft>50%</centerleft>
						<top>300</top>
						<width>984</width>
						<height>360</height>
						<onleft>8011$SKINSHORTCUTS[id]</onleft>
						<onright>8011$SKINSHORTCUTS[id]</onright>
						<onup>20</onup>
						<ondown condition="System.HasAddon(script.globalsearch)">608</ondown>
						<ondown condition="!System.HasAddon(script.globalsearch)">603</ondown>
						<viewtype label="535">list</viewtype>
						<pagecontrol>-</pagecontrol>
						<scrolltime>200</scrolltime>
						<orientation>Horizontal</orientation>
						
						<itemlayout height="330" width="246">
							
							<!--thumb-->
							<control type="image">
								<left>0</left>
								<top>0</top>
								<width>246</width>
								<height>246</height>
								<aspectratio>keep</aspectratio>
								<texture background="true">$SKINSHORTCUTS[artwork]</texture>
								<bordertexture>backgrounds/square shadow small.png</bordertexture>
								<bordersize>5</bordersize>
							</control>
							
						</itemlayout>
						
						<focusedlayout height="330" width="246">
							
							<!--thumb (focus)-->
							<control type="image">
								<left>0</left>
								<top>0</top>
								<width>246</width>
								<height>246</height>
								<aspectratio>keep</aspectratio>
								<texture background="true">$SKINSHORTCUTS[artwork]</texture>
								<bordertexture colordiffuse="$VAR[Colour.500]">backgrounds/white.png</bordertexture>
								<bordersize>5</bordersize>
								<visible>Control.HasFocus(8011$SKINSHORTCUTS[id])</visible>
							</control>
							
							<!--thumb (no focus)-->
							<control type="image">
								<left>0</left>
								<top>0</top>
								<width>246</width>
								<height>246</height>
								<aspectratio>keep</aspectratio>
								<texture background="true">$SKINSHORTCUTS[artwork]</texture>
								<bordertexture>backgrounds/square shadow small.png</bordertexture>
								<bordersize>5</bordersize>
								<visible>!Control.HasFocus(8011$SKINSHORTCUTS[id])</visible>
							</control>
				
							<!--label background-->
							<control type="image">
								<left>5</left>
								<top>172</top>
								<width>236</width>
								<height>70</height>
								<texture colordiffuse="tertiary">backgrounds/white.png</texture>
								<visible>Control.HasFocus(8011$SKINSHORTCUTS[id])</visible>
							</control>
									
							<!--main label-->
							<control type="label">
								<left>15</left>
								<top>176</top>
								<width>216</width>
								<height>60</height>
								<font>secondary.info.light</font>
								<textcolor>text.primary</textcolor>
								<selectedcolor>$VAR[Colour.500]</selectedcolor>
								<align>left</align>
								<label>$INFO[ListItem.Label]</label>
								<scroll>true</scroll>
								<visible>Control.HasFocus(8011$SKINSHORTCUTS[id])</visible>
							</control>
									
							<!--secondary label-->
							<control type="label">
								<left>15</left>
								<top>205</top>
								<width>206</width>
								<height>60</height>
								<font>secondary.info.light</font>
								<textcolor>text.primary</textcolor>
								<selectedcolor>$VAR[Colour.500]</selectedcolor>
								<align>left</align>
								<label>$INFO[ListItem.Label2]</label>
								<scroll>true</scroll>
								<visible>Control.HasFocus(8011$SKINSHORTCUTS[id])</visible>
							</control>
							
						</focusedlayout>
						
						<content target="$SKINSHORTCUTS[target]">$SKINSHORTCUTS[content]</content>
						
					</control>
					
					<!--arrows-->
					<control type="group">
					
						<!--left arrow bg-->
						<control type="button" id="80021">
							<left>413</left>
							<top>300</top>
							<width>50</width>
							<height>50</height>
							<texturefocus colordiffuse="$VAR[Colour.500]">backgrounds/white.png</texturefocus>
							<texturenofocus colordiffuse="tertiary">backgrounds/white.png</texturenofocus>
							<onclick>Control.Move(8011$SKINSHORTCUTS[id],-1)</onclick>
							<visible>Container(8011$SKINSHORTCUTS[id]).HasPrevious</visible>
							<include>VisibleFadeEffect</include>
						</control>
						
						<!--left arrow-->
						<control type="image">
							<left>413</left>
							<top>300</top>
							<width>50</width>
							<height>50</height>
							<texture colordiffuse="text.primary">arrow-big-left.png</texture>
							<visible>Container(8011$SKINSHORTCUTS[id]).HasPrevious + !Control.HasFocus(80021)</visible>
						</control>
						
						<!--left arrow-->
						<control type="image">
							<left>413</left>
							<top>300</top>
							<width>50</width>
							<height>50</height>
							<texture colordiffuse="white">arrow-big-left.png</texture>
							<visible>Container(8011$SKINSHORTCUTS[id]).HasPrevious + Control.HasFocus(80021)</visible>
						</control>
						
						<!--right arrow bg-->
						<control type="button" id="80022">
							<description>right Arrow</description>
							<left>1457</left>
							<top>300</top>
							<width>50</width>
							<height>50</height>
							<texturefocus colordiffuse="$VAR[Colour.500]">backgrounds/white.png</texturefocus>
							<texturenofocus colordiffuse="tertiary">backgrounds/white.png</texturenofocus>
							<onclick>Control.Move(8011$SKINSHORTCUTS[id],1)</onclick>
							<visible>Container(8011$SKINSHORTCUTS[id]).HasNext</visible>
							<include>VisibleFadeEffect</include>
						</control>
						
						<!--left arrow-->
						<control type="image">
							<left>1457</left>
							<top>300</top>
							<width>50</width>
							<height>50</height>
							<texture colordiffuse="text.primary">arrow-big-right.png</texture>
							<visible>Container(8011$SKINSHORTCUTS[id]).HasNext + !Control.HasFocus(80022)</visible>
						</control>
						
						<!--left arrow-->
						<control type="image">
							<left>1457</left>
							<top>300</top>
							<width>50</width>
							<height>50</height>
							<texture colordiffuse="white">arrow-big-right.png</texture>
							<visible>Container(8011$SKINSHORTCUTS[id]).HasNext + Control.HasFocus(80022)</visible>
						</control>
						
					</control>
					
				</control>
			
			</control>
		
		</controls>
				
	</other>

</template>