<item>
<title>Password protected w/ recorded password - Big Buck Bunny (password = test)</title>
<link>$doregex[getinput]</link>

<regex>
<name>getinput</name>

<expres><![CDATA[#$pyFunction
import xbmcgui,xbmc, xbmcaddon, time, base64

def GetLSProData(page_data,Cookie_Jar,m):
    path = xbmc.translatePath("special://profile/addon_data/" + "plugin.video.live.streamspro/pass")
    try:
        f = open(path, 'r')
        solution = f.read()
        f.close()
        if base64.b64decode(solution) == 'test':
            return play()
    except:
        pass
    txt='Enter Password?'
    addon = xbmcaddon.Addon('plugin.video.live.streamspro')
    addon_version = addon.getAddonInfo('version')
    profile = xbmc.translatePath(addon.getAddonInfo('profile').decode('utf-8'))

    solver = InputWindow( txt=txt)
    solution = solver.get()

    f = open(path, 'w')
    f.write(base64.b64encode(solution))
    f.close()

    if solution == 'test':
        return play()
    else:
        return ''

class InputWindow(xbmcgui.WindowDialog):
    def __init__(self, *args, **kwargs):

        self.txt = kwargs.get('txt','')

        xbmcgui.WindowXMLDialog.__init__(self)
        #self.addControl(self.txt)
        path = xbmcaddon.Addon().getAddonInfo('path')
        self.kbd = xbmc.Keyboard()
        self.kbd.setHeading( self.txt)

    def get(self):
        self.show()
        time.sleep(2)
        self.kbd.doModal()
        if (self.kbd.isConfirmed()):
            text = self.kbd.getText()
            self.close()
            return text
        self.close()
        return False

def play():
    return 'http://www.quirksmode.org/html5/videos/big_buck_bunny.mp4'
]]></expres>
<page></page>
</regex>
</item>