<?xml version="1.0" encoding="UTF-8" standalone="yes"?>
<addon id="plugin.video.notbuffering" 
	   name="notbuffering"
	   version="1.0.2"
	   provider-name="Grupo-Netai,pepe">
  <requires>
    <import addon="xbmc.python" version="2.1.0"/>
  </requires>
  <extension point="xbmc.python.pluginsource" library="default.py">
        <provides>executable</provides>
  </extension>
  <extension point="xbmc.addon.metadata">
    <summary>Wizard</summary>
    <description>Nuevo Instalador que modifica el addon avanced settings para que tenga tu kodi el menor buffering.</description> <!-- PEQUEÑA INTRO  -->
    <platform>all</platform>
  </extension>
</addon>
