<?xml version="1.0" encoding="UTF-8" standalone="yes"?>
<addon id="plugin.video.xmas"
	name="[COLOR lime]XMAS[/COLOR]"
	version="0.0.1"
	provider-name="XMAS">
  <requires>
    <import addon="xbmc.python" version="2.1.0"/>
    <import addon="script.module.addon.common" version="2.0.0"/>
    <import addon="plugin.video.youtube" version="5.0.0"/>
  </requires>
  <extension point="xbmc.python.pluginsource" library="default.py">
    <provides>video</provides>
  </extension>

    <extension point="xbmc.addon.repository" name="XMAS">
        <info>https://raw.githubusercontent.com/djliptv/XMAS/master/Repository/addons.xml</info>
        <checksum>https://raw.githubusercontent.com/djliptv/XMAS/master/Repository/addons.xml.md5</checksum>
        <datadir zip="true">https://raw.githubusercontent.com/djliptv/XMAS/master/Repository/</datadir>
    </extension>
  
  <extension point="xbmc.addon.metadata">
    <summary lang="en">XMAS</summary>
    <description lang="en">ADDON DE NAVIDAD.</description>
    <platform>all</platform>
    <forum>n/a</forum>
    <website>n/a</website>
  </extension>
</addon>
