{
  "id": "todopeliculas",
  "name": "TodoPeliculas",
  "active": true,
  "adult": false,
  "language": ["cast"],
  "thumbnail": "http://www.todo-peliculas.com/images/logo.png",
  "banner": "",
  "version": 1,
  "categories": [
    "movie",
	"torrent"
  ],
  "settings": [
    {
      "id": "include_in_global_search",
      "type": "bool",
      "label": "Incluir en busqueda global",
      "default": false,
      "enabled": false,
      "visible": false
    },
    {
      "id": "filter_languages",
      "type": "list",
      "label": "Mostrar enlaces en idioma...",
      "default": 0,
      "enabled": true,
      "visible": true,
      "lvalues": [
        "No filtrar",
        "Castellano"
      ]
    },
    {
      "id": "include_in_newest_peliculas",
      "type": "bool",
      "label": "Incluir en Novedades - Peliculas",
      "default": true,
      "enabled": true,
      "visible": true
    }
 ]
}