{
  "id": "torrentrapid",
  "name": "Torrentrapid",
  "active": true,
  "adult": false,
  "language": ["cast", "lat"],
  "thumbnail": "torrentrapid.png",
  "banner": "torrentrapid.png",
  "categories": [
    "movie",
    "tvshow",
    "anime",
    "torrent"
  ],
  "settings": [
    {
      "id": "include_in_global_search",
      "type": "bool",
      "label": "Incluir en busqueda global",
      "default": false,
      "enabled": true,
      "visible": true
    },
    {
      "id": "include_in_newest_torrent",
      "type": "bool",
      "label": "Incluir en Novedades - Torrent",
      "default": true,
      "enabled": true,
      "visible": true
    }
  ]
}