<?xml version="1.0" encoding="UTF-8"?>
<window>
  <defaultcontrol always="true">50</defaultcontrol>
  <menucontrol>9000</menucontrol>
  <controls>
    <include>DefaultBackground</include>
    <include>View_50</include>
    <include>View_51_Panel</include>
    <include>View_52_BigList</include>
    <include>View_53_Icons</include>
    <include>View_54_LowList</include>
    <include>View_55_BigPanel</include>
    <include>View_56_Fanart</include>
    <control type="group">
      <include>VignetteFade</include>
      <include>Time</include>
    </control>
    <control type="group" id="8999" description="Side menu 9000 group">
      <include>9000Commons</include>
      <include>9000NavCommons</include>
      <control type="grouplist" id="9000">
        <include>9000GrouplistParameters</include>
          <control type="label" id="203">
            <description>Actions</description>
            <include>9000SysButtons</include>
            <label>$LOCALIZE[31020]</label>
            <visible>Control.IsVisible(621)</visible>
          </control>
          <control type="button" id="624">
            <include>9000SysButtons</include>
            <label>$LOCALIZE[10140]</label>
            <onclick>Addon.OpenSettings($INFO[Container.PluginName])</onclick>
            <visible>!String.IsEmpty(Container.PluginName)</visible>
          </control>
          <control type="button" id="621">
            <description>Get more</description>
            <include>9000SysButtons</include>
            <label>$LOCALIZE[21452]</label>
            <onclick>ActivateWindow(addonbrowser,addons://more/executable/,return)</onclick>
            <visible>Container.Content(addons)</visible>
          </control>
          <control type="button" id="699" description="Playing">
            <enable>Player.HasMedia</enable>
            <include>9000SysButtons</include>
            <label>$LOCALIZE[16003]</label>
            <onclick>fullscreen</onclick>
          </control>
        </control>
      </control>
  </controls>
</window>