<?xml version='1.0' encoding='UTF-8'?>
<includes>
	<include name="skinshortcuts-mainmenu">
		<item id="1">
			<property name="id">$NUMBER[1]</property>
			<label>$LOCALIZE[12600]</label>
			<label2>Common menu item</label2>
			<icon>special://skin/extras/icons/sun.png</icon>
			<thumb />
			<property name="labelID">weather</property>
			<property name="defaultID">weather</property>
			<visible>!IsEmpty(Weather.Plugin)</visible>
			<onclick>ActivateWindow(Weather)</onclick>
			<property name="path">ActivateWindow(Weather)</property>
			<property name="list">Weather</property>
			<visible>StringCompare(System.ProfileName,Master user)</visible>
			<property name="submenuVisibility">weather</property>
			<property name="group">mainmenu</property>
			<property name="hasSubmenu">False</property>
		</item>
		<item id="2">
			<property name="id">$NUMBER[2]</property>
			<label>Apps</label>
			<label2>Common menu item</label2>
			<icon>special://skin/extras/icons/addtile.png</icon>
			<thumb />
			<property name="labelID">apps</property>
			<property name="defaultID">13005</property>
			<onclick>ActivateWindow(1133)</onclick>
			<property name="path">ActivateWindow(1133)</property>
			<property name="list">1133</property>
			<visible>StringCompare(System.ProfileName,Master user)</visible>
			<property name="submenuVisibility">apps</property>
			<property name="group">mainmenu</property>
			<property name="hasSubmenu">False</property>
		</item>
		<item id="3">
			<property name="id">$NUMBER[3]</property>
			<label>$LOCALIZE[10006]</label>
			<label2>Common menu item</label2>
			<icon>special://skin/extras/icons/video.png</icon>
			<thumb />
			<property name="labelID">videos</property>
			<property name="defaultID">videos</property>
			<property name="widget">Library</property>
			<property name="widgetName">videos</property>
			<property name="widgetType">video</property>
			<property name="widgetTarget">videos</property>
			<property name="widgetPath">addons://sources/video/</property>
			<onclick>ActivateWindow(Videos)</onclick>
			<property name="path">ActivateWindow(Videos)</property>
			<property name="list">Videos</property>
			<visible>StringCompare(System.ProfileName,Master user)</visible>
			<property name="submenuVisibility">videos</property>
			<property name="group">mainmenu</property>
			<property name="hasSubmenu">True</property>
		</item>
		<item id="4">
			<property name="id">$NUMBER[4]</property>
			<label>Radio</label>
			<label2>Complemento de Música</label2>
			<icon>special://skin/extras/icons/addtile.png</icon>
			<thumb>image://C%3a%5cUsers%5cCarles%5cAppData%5cRoaming%5cKodi%5caddons%5cplugin.audio.radio_de%5cicon.png/</thumb>
			<property name="labelID">plugin.audio.radio_de</property>
			<property name="defaultID">plugin.audio.radio_de</property>
			<property name="widget">Addon</property>
			<property name="widgetName">Radio - España</property>
			<property name="widgetType">songs</property>
			<property name="widgetTarget">music</property>
			<property name="widgetPath">plugin://plugin.audio.radio_de/stations/country/Spain/?reload=$INFO[Window(Home).Property(widgetreload)]</property>
			<property name="translatedPath">ActivateWindow(Music,"plugin://plugin.audio.radio_de",return)</property>
			<onclick>ActivateWindow(Music,"plugin://plugin.audio.radio_de",return)</onclick>
			<property name="path">ActivateWindow(Music,"plugin://plugin.audio.radio_de",return)</property>
			<property name="list">plugin://plugin.audio.radio_de</property>
			<visible>StringCompare(System.ProfileName,Master user)</visible>
			<property name="submenuVisibility">plugin-audio-radio-de</property>
			<property name="group">mainmenu</property>
			<property name="hasSubmenu">True</property>
		</item>
		<item id="5">
			<property name="id">$NUMBER[5]</property>
			<label>Infantil</label>
			<label2>Ítem Personalizado</label2>
			<icon>special://skin/extras/icons/addtile.png</icon>
			<thumb>image://C%3a%5cUsers%5cCarles%5cAppData%5cRoaming%5cKodi%5caddons%5cplugin.video.palantir%5cresources%2fmedia%2f%2fdibujos_recientes.png/</thumb>
			<property name="labelID">infantil</property>
			<property name="defaultID" />
			<property name="translatedPath">ActivateWindow(Videos,"plugin://plugin.video.palantir/?action=last_peli_inf",return)</property>
			<property name="widget">Addon</property>
			<property name="widgetName">[COLOR gold]Palantir[/COLOR] - [COLOR gold][B]Más Vistas[/B][/COLOR]</property>
			<property name="widgetType">videos</property>
			<property name="widgetTarget">videos</property>
			<property name="widgetPath">plugin://plugin.video.palantir/?action=pelis_dibujos_mas_vistas&amp;reload=$INFO[Window(Home).Property(widgetreload)]</property>
			<onclick>ActivateWindow(Videos,"plugin://plugin.video.palantir/?action=dibujos_menu",return)</onclick>
			<property name="path">ActivateWindow(Videos,"plugin://plugin.video.palantir/?action=dibujos_menu",return)</property>
			<property name="list">plugin://plugin.video.palantir/?action=dibujos_menu</property>
			<visible>StringCompare(System.ProfileName,Master user)</visible>
			<property name="submenuVisibility">infantil</property>
			<property name="group">mainmenu</property>
			<property name="hasSubmenu">True</property>
		</item>
		<item id="6">
			<property name="id">$NUMBER[6]</property>
			<label>Peliculas</label>
			<label2>Complemento de Vídeo</label2>
			<icon>special://skin/extras/icons/addtile.png</icon>
			<thumb>image://C%3a%5cUsers%5cCarles%5cAppData%5cRoaming%5cKodi%5caddons%5cplugin.video.palantir%5cresources%2fmedia%2f%2fpelis_mas_vistas.png/</thumb>
			<property name="labelID">peliculas</property>
			<property name="defaultID" />
			<property name="widget">Addon</property>
			<property name="widgetName">Más Vistas</property>
			<property name="widgetType">videos</property>
			<property name="widgetTarget">videos</property>
			<property name="widgetPath">plugin://plugin.video.palantir/?action=pelis_mas_vistas&amp;reload=$INFO[Window(Home).Property(widgetreload)]</property>
			<property name="translatedPath">ActivateWindow(Videos,"plugin://plugin.video.palantir/?action=pelis_mas_vistas",return)</property>
			<onclick>ActivateWindow(Videos,"plugin://plugin.video.palantir/?action=pelis_mas_vistas",return)</onclick>
			<property name="path">ActivateWindow(Videos,"plugin://plugin.video.palantir/?action=pelis_mas_vistas",return)</property>
			<property name="list">plugin://plugin.video.palantir/?action=pelis_mas_vistas</property>
			<visible>StringCompare(System.ProfileName,Master user)</visible>
			<property name="submenuVisibility">peliculas</property>
			<property name="group">mainmenu</property>
			<property name="hasSubmenu">True</property>
		</item>
		<item id="7">
			<property name="id">$NUMBER[7]</property>
			<label>Series</label>
			<label2>Complemento de Vídeo</label2>
			<icon>special://skin/extras/icons/addtile.png</icon>
			<thumb>image://C%3a%5cUsers%5cCarles%5cAppData%5cRoaming%5cKodi%5caddons%5cplugin.video.palantir%5cresources%2fmedia%2f%2fseries_mas_vistas.png/</thumb>
			<property name="labelID">series</property>
			<property name="defaultID" />
			<property name="widget">Addon</property>
			<property name="widgetName">Más Vistas</property>
			<property name="widgetType">videos</property>
			<property name="widgetTarget">videos</property>
			<property name="widgetPath">plugin://plugin.video.palantir/?action=series_mas_vistas&amp;reload=$INFO[Window(Home).Property(widgetreload)]</property>
			<property name="translatedPath">ActivateWindow(Videos,"plugin://plugin.video.palantir/?action=series_mas_vistas",return)</property>
			<onclick>ActivateWindow(Videos,"plugin://plugin.video.palantir/?action=series_mas_vistas",return)</onclick>
			<property name="path">ActivateWindow(Videos,"plugin://plugin.video.palantir/?action=series_mas_vistas",return)</property>
			<property name="list">plugin://plugin.video.palantir/?action=series_mas_vistas</property>
			<visible>StringCompare(System.ProfileName,Master user)</visible>
			<property name="submenuVisibility">series</property>
			<property name="group">mainmenu</property>
			<property name="hasSubmenu">True</property>
		</item>
		<item id="8">
			<property name="id">$NUMBER[8]</property>
			<label>$LOCALIZE[10005]</label>
			<label2>Common menu item</label2>
			<icon>special://skin/extras/icons/songs.png</icon>
			<thumb />
			<property name="labelID">music</property>
			<property name="defaultID">music</property>
			<property name="widget">Addon</property>
			<property name="widgetName">Now Thats What I Call Music</property>
			<property name="widgetType">audio</property>
			<property name="widgetTarget">music</property>
			<property name="widgetPath">plugin://plugin.video.now_music?reload=$INFO[Window(Home).Property(widgetreload)]</property>
			<onclick>ActivateWindow(Music)</onclick>
			<property name="path">ActivateWindow(Music)</property>
			<property name="list">Music</property>
			<visible>StringCompare(System.ProfileName,Master user)</visible>
			<property name="submenuVisibility">music</property>
			<property name="group">mainmenu</property>
			<property name="hasSubmenu">True</property>
		</item>
		<item id="9">
			<property name="id">$NUMBER[9]</property>
			<label>$LOCALIZE[10001]</label>
			<label2>Programas</label2>
			<icon>special://skin/extras/icons/addons.png</icon>
			<thumb />
			<property name="labelID">programs</property>
			<property name="defaultID">programs</property>
			<property name="widget">addon</property>
			<property name="widgetName">10001</property>
			<property name="widgetType">program</property>
			<property name="widgetTarget">programs</property>
			<property name="widgetPath">addons://sources/executable</property>
			<property name="translatedPath">ActivateWindow(Programs,Addons,return)</property>
			<onclick>ActivateWindow(Programs,Addons,return)</onclick>
			<property name="path">ActivateWindow(Programs,Addons,return)</property>
			<property name="list">Addons</property>
			<visible>StringCompare(System.ProfileName,Master user)</visible>
			<property name="submenuVisibility">programs</property>
			<property name="group">mainmenu</property>
			<property name="hasSubmenu">False</property>
		</item>
		<item id="10">
			<property name="id">$NUMBER[10]</property>
			<label>$LOCALIZE[10004]</label>
			<label2>Common menu item</label2>
			<icon>special://skin/extras/icons/settings.png</icon>
			<thumb />
			<property name="labelID">settings</property>
			<property name="defaultID">settings</property>
			<onclick>ActivateWindow(Settings)</onclick>
			<property name="path">ActivateWindow(Settings)</property>
			<property name="list">Settings</property>
			<visible>StringCompare(System.ProfileName,Master user)</visible>
			<property name="submenuVisibility">settings</property>
			<property name="group">mainmenu</property>
			<property name="hasSubmenu">True</property>
		</item>
	</include>
	<include />
	<include name="skinshortcuts-submenu">
		<item id="1">
			<property name="id">$NUMBER[1]</property>
			<property name="mainmenuid">3</property>
			<label>$LOCALIZE[20389]</label>
			<label2>$ADDON[script.skinshortcuts 32034]</label2>
			<icon>special://skin/extras/icons/musicvideo.png</icon>
			<thumb />
			<property name="labelID">musicvideos</property>
			<property name="defaultID">musicvideos</property>
			<visible>[Library.HasContent(MusicVideos)] + StringCompare(Container(9000).ListItem.Property(submenuVisibility),videos)</visible>
			<onclick>ActivateWindow(Videos,videodb://musicvideos/titles/,return)</onclick>
			<property name="path">ActivateWindow(Videos,videodb://musicvideos/titles/,return)</property>
			<property name="list">videodb://musicvideos/titles/</property>
			<visible>StringCompare(System.ProfileName,Master user)</visible>
			<property name="group">videos</property>
			<property name="isSubmenu">True</property>
		</item>
		<item id="2">
			<property name="id">$NUMBER[2]</property>
			<property name="mainmenuid">3</property>
			<label>$LOCALIZE[744]</label>
			<label2>$ADDON[script.skinshortcuts 32014]</label2>
			<icon>special://skin/extras/icons/files.png</icon>
			<thumb />
			<property name="labelID">744</property>
			<property name="defaultID">744</property>
			<onclick>ActivateWindow(Videos,Files,return)</onclick>
			<property name="path">ActivateWindow(Videos,Files,return)</property>
			<property name="list">Files</property>
			<visible>[StringCompare(System.ProfileName,Master user)] + StringCompare(Container(9000).ListItem.Property(submenuVisibility),videos)</visible>
			<property name="group">videos</property>
			<property name="isSubmenu">True</property>
		</item>
		<item id="3">
			<property name="id">$NUMBER[3]</property>
			<property name="mainmenuid">3</property>
			<label>$LOCALIZE[1037]</label>
			<label2>$ADDON[script.skinshortcuts 32014]</label2>
			<icon>special://skin/extras/icons/video-addons.png</icon>
			<thumb />
			<property name="labelID">1037</property>
			<property name="defaultID">1037</property>
			<onclick>ActivateWindow(Videos,Addons,return)</onclick>
			<property name="path">ActivateWindow(Videos,Addons,return)</property>
			<property name="list">Addons</property>
			<visible>[StringCompare(System.ProfileName,Master user)] + StringCompare(Container(9000).ListItem.Property(submenuVisibility),videos)</visible>
			<property name="group">videos</property>
			<property name="isSubmenu">True</property>
		</item>
		<item id="1">
			<property name="id">$NUMBER[1]</property>
			<property name="mainmenuid">4</property>
			<label>$LOCALIZE[19019]</label>
			<label2>$ADDON[script.skinshortcuts 32087]</label2>
			<icon>special://skin/extras/icons/songs.png</icon>
			<thumb />
			<property name="labelID">19019</property>
			<property name="defaultID">19019</property>
			<visible>[System.HasPVRAddon] + StringCompare(Container(9000).ListItem.Property(submenuVisibility),plugin-audio-radio-de)</visible>
			<onclick>ActivateWindow(RadioChannels)</onclick>
			<property name="path">ActivateWindow(RadioChannels)</property>
			<property name="list">RadioChannels</property>
			<visible>StringCompare(System.ProfileName,Master user)</visible>
			<property name="group">plugin.audio.radio_de</property>
			<property name="isSubmenu">True</property>
		</item>
		<item id="2">
			<property name="id">$NUMBER[2]</property>
			<property name="mainmenuid">4</property>
			<label>$LOCALIZE[22020]</label>
			<label2>$ADDON[script.skinshortcuts 32087]</label2>
			<icon>special://skin/extras/icons/songs.png</icon>
			<thumb />
			<property name="labelID">22020</property>
			<property name="defaultID">22020</property>
			<visible>[System.HasPVRAddon] + StringCompare(Container(9000).ListItem.Property(submenuVisibility),plugin-audio-radio-de)</visible>
			<onclick>ActivateWindow(RadioGuide)</onclick>
			<property name="path">ActivateWindow(RadioGuide)</property>
			<property name="list">RadioGuide</property>
			<visible>StringCompare(System.ProfileName,Master user)</visible>
			<property name="group">plugin.audio.radio_de</property>
			<property name="isSubmenu">True</property>
		</item>
		<item id="3">
			<property name="id">$NUMBER[3]</property>
			<property name="mainmenuid">4</property>
			<label>$LOCALIZE[19163]</label>
			<label2>$ADDON[script.skinshortcuts 32087]</label2>
			<icon>special://skin/extras/icons/songs.png</icon>
			<thumb />
			<property name="labelID">19163</property>
			<property name="defaultID">19163</property>
			<visible>[System.HasPVRAddon] + StringCompare(Container(9000).ListItem.Property(submenuVisibility),plugin-audio-radio-de)</visible>
			<onclick>ActivateWindow(RadioRecordings)</onclick>
			<property name="path">ActivateWindow(RadioRecordings)</property>
			<property name="list">RadioRecordings</property>
			<visible>StringCompare(System.ProfileName,Master user)</visible>
			<property name="group">plugin.audio.radio_de</property>
			<property name="isSubmenu">True</property>
		</item>
		<item id="4">
			<property name="id">$NUMBER[4]</property>
			<property name="mainmenuid">4</property>
			<label>$LOCALIZE[19040]</label>
			<label2>$ADDON[script.skinshortcuts 32087]</label2>
			<icon>special://skin/extras/icons/songs.png</icon>
			<thumb />
			<property name="labelID">19040</property>
			<property name="defaultID">19040</property>
			<visible>[System.HasPVRAddon] + StringCompare(Container(9000).ListItem.Property(submenuVisibility),plugin-audio-radio-de)</visible>
			<onclick>ActivateWindow(RadioTimers)</onclick>
			<property name="path">ActivateWindow(RadioTimers)</property>
			<property name="list">RadioTimers</property>
			<visible>StringCompare(System.ProfileName,Master user)</visible>
			<property name="group">plugin.audio.radio_de</property>
			<property name="isSubmenu">True</property>
		</item>
		<item id="5">
			<property name="id">$NUMBER[5]</property>
			<property name="mainmenuid">4</property>
			<label>$LOCALIZE[137]</label>
			<label2>$ADDON[script.skinshortcuts 32087]</label2>
			<icon>special://skin/extras/icons/songs.png</icon>
			<thumb />
			<property name="labelID">137</property>
			<property name="defaultID">137</property>
			<visible>[System.HasPVRAddon] + StringCompare(Container(9000).ListItem.Property(submenuVisibility),plugin-audio-radio-de)</visible>
			<onclick>ActivateWindow(RadioSearch)</onclick>
			<property name="path">ActivateWindow(RadioSearch)</property>
			<property name="list">RadioSearch</property>
			<visible>StringCompare(System.ProfileName,Master user)</visible>
			<property name="group">plugin.audio.radio_de</property>
			<property name="isSubmenu">True</property>
		</item>
		<item id="1">
			<property name="id">$NUMBER[1]</property>
			<property name="mainmenuid">5</property>
			<label>[COLOR gold]PEQUELANDIA[/COLOR]</label>
			<label2>Complemento de Vídeo</label2>
			<icon>special://skin/extras/icons/addtile.png</icon>
			<thumb>image://C%3a%5cUsers%5cCarles%5cDesktop%5cKodiPortable17.4%5cApp%5cKodi%5cportable_data%5caddons%5cplugin.video.pequelandia%5cicon.png/</thumb>
			<property name="labelID">plugin.video.pequelandia</property>
			<property name="defaultID">plugin.video.pequelandia</property>
			<property name="translatedPath">ActivateWindow(Videos,"plugin://plugin.video.pequelandia",return)</property>
			<onclick>ActivateWindow(Videos,"plugin://plugin.video.pequelandia",return)</onclick>
			<property name="path">ActivateWindow(Videos,"plugin://plugin.video.pequelandia",return)</property>
			<property name="list">plugin://plugin.video.pequelandia</property>
			<visible>[StringCompare(System.ProfileName,Master user)] + StringCompare(Container(9000).ListItem.Property(submenuVisibility),infantil)</visible>
			<property name="group">infantil</property>
			<property name="isSubmenu">True</property>
		</item>
		<item id="2">
			<property name="id">$NUMBER[2]</property>
			<property name="mainmenuid">5</property>
			<label>[COLOR gold][B]Series Infantiles[/B][/COLOR]</label>
			<label2>Complemento de Vídeo</label2>
			<icon>special://skin/extras/icons/addtile.png</icon>
			<thumb>image://C%3a%5cUsers%5cCarles%5cAppData%5cRoaming%5cKodi%5caddons%5cplugin.video.palantir%5cresources%2fmedia%2f%2fseries_dibujos.png/</thumb>
			<property name="labelID">colorgold-b-seriesinfantiles-b-color</property>
			<property name="defaultID" />
			<property name="translatedPath">ActivateWindow(Videos,"plugin://plugin.video.palantir/?action=seriesInf",return)</property>
			<onclick>ActivateWindow(Videos,"plugin://plugin.video.palantir/?action=seriesInf",return)</onclick>
			<property name="path">ActivateWindow(Videos,"plugin://plugin.video.palantir/?action=seriesInf",return)</property>
			<property name="list">plugin://plugin.video.palantir/?action=seriesInf</property>
			<visible>[StringCompare(System.ProfileName,Master user)] + StringCompare(Container(9000).ListItem.Property(submenuVisibility),infantil)</visible>
			<property name="group">infantil</property>
			<property name="isSubmenu">True</property>
		</item>
		<item id="3">
			<property name="id">$NUMBER[3]</property>
			<property name="mainmenuid">5</property>
			<label>[COLOR gold][B]Series Anime[/B][/COLOR]</label>
			<label2>Complemento de Vídeo</label2>
			<icon>special://skin/extras/icons/addtile.png</icon>
			<thumb>image://C%3a%5cUsers%5cCarles%5cAppData%5cRoaming%5cKodi%5caddons%5cplugin.video.palantir%5cresources%2fmedia%2f%2fseries_anime.png/</thumb>
			<property name="labelID">colorgold-b-seriesanime-b-color</property>
			<property name="defaultID" />
			<property name="translatedPath">ActivateWindow(Videos,"plugin://plugin.video.palantir/?action=series_anime",return)</property>
			<onclick>ActivateWindow(Videos,"plugin://plugin.video.palantir/?action=series_anime",return)</onclick>
			<property name="path">ActivateWindow(Videos,"plugin://plugin.video.palantir/?action=series_anime",return)</property>
			<property name="list">plugin://plugin.video.palantir/?action=series_anime</property>
			<visible>[StringCompare(System.ProfileName,Master user)] + StringCompare(Container(9000).ListItem.Property(submenuVisibility),infantil)</visible>
			<property name="group">infantil</property>
			<property name="isSubmenu">True</property>
		</item>
		<item id="4">
			<property name="id">$NUMBER[4]</property>
			<property name="mainmenuid">5</property>
			<label>[COLOR gold][B]Pelis Dibujos[/B][/COLOR]</label>
			<label2>Complemento de Vídeo</label2>
			<icon>special://skin/extras/icons/addtile.png</icon>
			<thumb>image://C%3a%5cUsers%5cCarles%5cAppData%5cRoaming%5cKodi%5caddons%5cplugin.video.palantir%5cresources%2fmedia%2f%2fpelis_dibujos.png/</thumb>
			<property name="labelID">colorgold-b-pelisdibujos-b-color</property>
			<property name="defaultID" />
			<property name="translatedPath">ActivateWindow(Videos,"plugin://plugin.video.palantir/?action=peli_inf",return)</property>
			<onclick>ActivateWindow(Videos,"plugin://plugin.video.palantir/?action=peli_inf",return)</onclick>
			<property name="path">ActivateWindow(Videos,"plugin://plugin.video.palantir/?action=peli_inf",return)</property>
			<property name="list">plugin://plugin.video.palantir/?action=peli_inf</property>
			<visible>[StringCompare(System.ProfileName,Master user)] + StringCompare(Container(9000).ListItem.Property(submenuVisibility),infantil)</visible>
			<property name="group">infantil</property>
			<property name="isSubmenu">True</property>
		</item>
		<item id="1">
			<property name="id">$NUMBER[1]</property>
			<property name="mainmenuid">6</property>
			<label>Pelis Recientes</label>
			<label2>Complemento de Vídeo</label2>
			<icon>special://skin/extras/icons/addtile.png</icon>
			<thumb>image://C%3a%5cUsers%5cCarles%5cAppData%5cRoaming%5cKodi%5caddons%5cplugin.video.palantir%5cresources%2fmedia%2f%2fpelis_recientes.png/</thumb>
			<property name="labelID">pelisrecientes</property>
			<property name="defaultID" />
			<property name="translatedPath">ActivateWindow(Videos,"plugin://plugin.video.palantir/?action=ultimas_pelis",return)</property>
			<onclick>ActivateWindow(Videos,"plugin://plugin.video.palantir/?action=ultimas_pelis",return)</onclick>
			<property name="path">ActivateWindow(Videos,"plugin://plugin.video.palantir/?action=ultimas_pelis",return)</property>
			<property name="list">plugin://plugin.video.palantir/?action=ultimas_pelis</property>
			<visible>[StringCompare(System.ProfileName,Master user)] + StringCompare(Container(9000).ListItem.Property(submenuVisibility),peliculas)</visible>
			<property name="group">peliculas</property>
			<property name="isSubmenu">True</property>
		</item>
		<item id="2">
			<property name="id">$NUMBER[2]</property>
			<property name="mainmenuid">6</property>
			<label>Sagas</label>
			<label2>Complemento de Vídeo</label2>
			<icon>special://skin/extras/icons/addtile.png</icon>
			<thumb>image://C%3a%5cUsers%5cCarles%5cAppData%5cRoaming%5cKodi%5caddons%5cplugin.video.palantir%5cresources%2fmedia%2f%2fsagas.png/</thumb>
			<property name="labelID">sagas</property>
			<property name="defaultID" />
			<property name="translatedPath">ActivateWindow(Videos,"plugin://plugin.video.palantir/?action=sagas",return)</property>
			<onclick>ActivateWindow(Videos,"plugin://plugin.video.palantir/?action=sagas",return)</onclick>
			<property name="path">ActivateWindow(Videos,"plugin://plugin.video.palantir/?action=sagas",return)</property>
			<property name="list">plugin://plugin.video.palantir/?action=sagas</property>
			<visible>[StringCompare(System.ProfileName,Master user)] + StringCompare(Container(9000).ListItem.Property(submenuVisibility),peliculas)</visible>
			<property name="group">peliculas</property>
			<property name="isSubmenu">True</property>
		</item>
		<item id="1">
			<property name="id">$NUMBER[1]</property>
			<property name="mainmenuid">7</property>
			<label>Retro</label>
			<label2>Complemento de Vídeo</label2>
			<icon>special://skin/extras/icons/addtile.png</icon>
			<thumb>image://C%3a%5cUsers%5cCarles%5cAppData%5cRoaming%5cKodi%5caddons%5cplugin.video.palantir%5cresources%2fmedia%2f%2fseries_retro.png/</thumb>
			<property name="labelID">retro</property>
			<property name="defaultID" />
			<property name="translatedPath">ActivateWindow(Videos,"plugin://plugin.video.palantir/?action=retro",return)</property>
			<onclick>ActivateWindow(Videos,"plugin://plugin.video.palantir/?action=retro",return)</onclick>
			<property name="path">ActivateWindow(Videos,"plugin://plugin.video.palantir/?action=retro",return)</property>
			<property name="list">plugin://plugin.video.palantir/?action=retro</property>
			<visible>[StringCompare(System.ProfileName,Master user)] + StringCompare(Container(9000).ListItem.Property(submenuVisibility),series)</visible>
			<property name="group">series</property>
			<property name="isSubmenu">True</property>
		</item>
		<item id="2">
			<property name="id">$NUMBER[2]</property>
			<property name="mainmenuid">7</property>
			<label>Recientes</label>
			<label2>Complemento de Vídeo</label2>
			<icon>special://skin/extras/icons/addtile.png</icon>
			<thumb>image://C%3a%5cUsers%5cCarles%5cAppData%5cRoaming%5cKodi%5caddons%5cplugin.video.palantir%5cresources%2fmedia%2f%2fseries_recientes.png/</thumb>
			<property name="labelID">recientes</property>
			<property name="defaultID" />
			<property name="translatedPath">ActivateWindow(Videos,"plugin://plugin.video.palantir/?action=ultimas_series",return)</property>
			<onclick>ActivateWindow(Videos,"plugin://plugin.video.palantir/?action=ultimas_series",return)</onclick>
			<property name="path">ActivateWindow(Videos,"plugin://plugin.video.palantir/?action=ultimas_series",return)</property>
			<property name="list">plugin://plugin.video.palantir/?action=ultimas_series</property>
			<visible>[StringCompare(System.ProfileName,Master user)] + StringCompare(Container(9000).ListItem.Property(submenuVisibility),series)</visible>
			<property name="group">series</property>
			<property name="isSubmenu">True</property>
		</item>
		<item id="1">
			<property name="id">$NUMBER[1]</property>
			<property name="mainmenuid">8</property>
			<label>$LOCALIZE[744]</label>
			<label2>$ADDON[script.skinshortcuts 32019]</label2>
			<icon>special://skin/extras/icons/files.png</icon>
			<thumb />
			<property name="labelID">744</property>
			<property name="defaultID">744</property>
			<onclick>ActivateWindow(Music,Files,Return)</onclick>
			<property name="path">ActivateWindow(Music,Files,Return)</property>
			<property name="list">Files</property>
			<visible>[StringCompare(System.ProfileName,Master user)] + StringCompare(Container(9000).ListItem.Property(submenuVisibility),music)</visible>
			<property name="group">music</property>
			<property name="isSubmenu">True</property>
		</item>
		<item id="2">
			<property name="id">$NUMBER[2]</property>
			<property name="mainmenuid">8</property>
			<label>$LOCALIZE[15100]</label>
			<label2>$ADDON[script.skinshortcuts 32019]</label2>
			<icon>special://skin/extras/icons/files.png</icon>
			<thumb />
			<property name="labelID">15100</property>
			<property name="defaultID">15100</property>
			<onclick>ActivateWindow(Music,MusicLibrary,return)</onclick>
			<property name="path">ActivateWindow(Music,MusicLibrary,return)</property>
			<property name="list">MusicLibrary</property>
			<visible>[StringCompare(System.ProfileName,Master user)] + StringCompare(Container(9000).ListItem.Property(submenuVisibility),music)</visible>
			<property name="group">music</property>
			<property name="isSubmenu">True</property>
		</item>
		<item id="3">
			<property name="id">$NUMBER[3]</property>
			<property name="mainmenuid">8</property>
			<label>$LOCALIZE[1038]</label>
			<label2>$ADDON[script.skinshortcuts 32019]</label2>
			<icon>special://skin/extras/icons/songs.png</icon>
			<thumb />
			<property name="labelID">1038</property>
			<property name="defaultID">1038</property>
			<onclick>ActivateWindow(Music,Addons,return)</onclick>
			<property name="path">ActivateWindow(Music,Addons,return)</property>
			<property name="list">Addons</property>
			<visible>[StringCompare(System.ProfileName,Master user)] + StringCompare(Container(9000).ListItem.Property(submenuVisibility),music)</visible>
			<property name="group">music</property>
			<property name="isSubmenu">True</property>
		</item>
		<item id="1">
			<property name="id">$NUMBER[1]</property>
			<property name="mainmenuid">10</property>
			<label>$LOCALIZE[7]</label>
			<label2>$ADDON[script.skinshortcuts 32034]</label2>
			<icon>special://skin/extras/icons/files.png</icon>
			<thumb />
			<property name="labelID">7</property>
			<property name="defaultID">7</property>
			<onclick>ActivateWindow(FileManager)</onclick>
			<property name="path">ActivateWindow(FileManager)</property>
			<property name="list">FileManager</property>
			<visible>[StringCompare(System.ProfileName,Master user)] + StringCompare(Container(9000).ListItem.Property(submenuVisibility),settings)</visible>
			<property name="group">settings</property>
			<property name="isSubmenu">True</property>
		</item>
		<item id="2">
			<property name="id">$NUMBER[2]</property>
			<property name="mainmenuid">10</property>
			<label>$LOCALIZE[13200]</label>
			<label2>$ADDON[script.skinshortcuts 32034]</label2>
			<icon>special://skin/extras/icons/actor.png</icon>
			<thumb />
			<property name="labelID">13200</property>
			<property name="defaultID">13200</property>
			<onclick>ActivateWindow(Profiles)</onclick>
			<property name="path">ActivateWindow(Profiles)</property>
			<property name="list">Profiles</property>
			<visible>[StringCompare(System.ProfileName,Master user)] + StringCompare(Container(9000).ListItem.Property(submenuVisibility),settings)</visible>
			<property name="group">settings</property>
			<property name="isSubmenu">True</property>
		</item>
		<item id="3">
			<property name="id">$NUMBER[3]</property>
			<property name="mainmenuid">10</property>
			<label>$LOCALIZE[10007]</label>
			<label2>$ADDON[script.skinshortcuts 32034]</label2>
			<icon>special://skin/extras/icons/sysinfo.png</icon>
			<thumb />
			<property name="labelID">10007</property>
			<property name="defaultID">10007</property>
			<onclick>ActivateWindow(SystemInfo)</onclick>
			<property name="path">ActivateWindow(SystemInfo)</property>
			<property name="list">SystemInfo</property>
			<visible>[StringCompare(System.ProfileName,Master user)] + StringCompare(Container(9000).ListItem.Property(submenuVisibility),settings)</visible>
			<property name="group">settings</property>
			<property name="isSubmenu">True</property>
		</item>
		<item id="4">
			<property name="id">$NUMBER[4]</property>
			<property name="mainmenuid">10</property>
			<label>$LOCALIZE[14111]</label>
			<label2>$ADDON[script.skinshortcuts 32034]</label2>
			<icon>special://skin/extras/icons/actor.png</icon>
			<thumb />
			<property name="labelID">14111</property>
			<property name="defaultID">14111</property>
			<visible>[system.getbool(eventlog.enabled)] + StringCompare(Container(9000).ListItem.Property(submenuVisibility),settings)</visible>
			<onclick>ActivateWindow(EventLog,events://,return)</onclick>
			<property name="path">ActivateWindow(EventLog,events://,return)</property>
			<property name="list">events://</property>
			<visible>StringCompare(System.ProfileName,Master user)</visible>
			<property name="group">settings</property>
			<property name="isSubmenu">True</property>
		</item>
	</include>
	<include name="skinshortcuts-group-weather">
		<description>No items</description>
	</include>
	<include name="skinshortcuts-group-alt-weather">
		<description>No items</description>
	</include>
	<include name="skinshortcuts-group-apps">
		<description>No items</description>
	</include>
	<include name="skinshortcuts-group-alt-apps">
		<description>No items</description>
	</include>
	<include name="skinshortcuts-group-videos">
		<item id="1">
			<property name="id">$NUMBER[1]</property>
			<property name="mainmenuid">3</property>
			<label>$LOCALIZE[20389]</label>
			<label2>$ADDON[script.skinshortcuts 32034]</label2>
			<icon>special://skin/extras/icons/musicvideo.png</icon>
			<thumb />
			<property name="labelID">musicvideos</property>
			<property name="defaultID">musicvideos</property>
			<visible>Library.HasContent(MusicVideos)</visible>
			<onclick>ActivateWindow(Videos,videodb://musicvideos/titles/,return)</onclick>
			<property name="path">ActivateWindow(Videos,videodb://musicvideos/titles/,return)</property>
			<property name="list">videodb://musicvideos/titles/</property>
			<visible>StringCompare(System.ProfileName,Master user)</visible>
			<property name="group">videos</property>
			<property name="isSubmenu">True</property>
		</item>
		<item id="2">
			<property name="id">$NUMBER[2]</property>
			<property name="mainmenuid">3</property>
			<label>$LOCALIZE[744]</label>
			<label2>$ADDON[script.skinshortcuts 32014]</label2>
			<icon>special://skin/extras/icons/files.png</icon>
			<thumb />
			<property name="labelID">744</property>
			<property name="defaultID">744</property>
			<onclick>ActivateWindow(Videos,Files,return)</onclick>
			<property name="path">ActivateWindow(Videos,Files,return)</property>
			<property name="list">Files</property>
			<visible>StringCompare(System.ProfileName,Master user)</visible>
			<property name="group">videos</property>
			<property name="isSubmenu">True</property>
		</item>
		<item id="3">
			<property name="id">$NUMBER[3]</property>
			<property name="mainmenuid">3</property>
			<label>$LOCALIZE[1037]</label>
			<label2>$ADDON[script.skinshortcuts 32014]</label2>
			<icon>special://skin/extras/icons/video-addons.png</icon>
			<thumb />
			<property name="labelID">1037</property>
			<property name="defaultID">1037</property>
			<onclick>ActivateWindow(Videos,Addons,return)</onclick>
			<property name="path">ActivateWindow(Videos,Addons,return)</property>
			<property name="list">Addons</property>
			<visible>StringCompare(System.ProfileName,Master user)</visible>
			<property name="group">videos</property>
			<property name="isSubmenu">True</property>
		</item>
	</include>
	<include name="skinshortcuts-group-alt-videos">
		<item id="1">
			<property name="id">$NUMBER[1]</property>
			<property name="mainmenuid">3</property>
			<label>$LOCALIZE[20389]</label>
			<label2>$ADDON[script.skinshortcuts 32034]</label2>
			<icon>special://skin/extras/icons/musicvideo.png</icon>
			<thumb />
			<property name="labelID">musicvideos</property>
			<property name="defaultID">musicvideos</property>
			<visible>[Library.HasContent(MusicVideos)] + StringCompare(Window(10000).Property(submenuVisibility),videos)</visible>
			<onclick>ActivateWindow(Videos,videodb://musicvideos/titles/,return)</onclick>
			<property name="path">ActivateWindow(Videos,videodb://musicvideos/titles/,return)</property>
			<property name="list">videodb://musicvideos/titles/</property>
			<visible>StringCompare(System.ProfileName,Master user)</visible>
			<property name="group">videos</property>
			<property name="isSubmenu">True</property>
		</item>
		<item id="2">
			<property name="id">$NUMBER[2]</property>
			<property name="mainmenuid">3</property>
			<label>$LOCALIZE[744]</label>
			<label2>$ADDON[script.skinshortcuts 32014]</label2>
			<icon>special://skin/extras/icons/files.png</icon>
			<thumb />
			<property name="labelID">744</property>
			<property name="defaultID">744</property>
			<onclick>ActivateWindow(Videos,Files,return)</onclick>
			<property name="path">ActivateWindow(Videos,Files,return)</property>
			<property name="list">Files</property>
			<visible>[StringCompare(System.ProfileName,Master user)] + StringCompare(Window(10000).Property(submenuVisibility),videos)</visible>
			<property name="group">videos</property>
			<property name="isSubmenu">True</property>
		</item>
		<item id="3">
			<property name="id">$NUMBER[3]</property>
			<property name="mainmenuid">3</property>
			<label>$LOCALIZE[1037]</label>
			<label2>$ADDON[script.skinshortcuts 32014]</label2>
			<icon>special://skin/extras/icons/video-addons.png</icon>
			<thumb />
			<property name="labelID">1037</property>
			<property name="defaultID">1037</property>
			<onclick>ActivateWindow(Videos,Addons,return)</onclick>
			<property name="path">ActivateWindow(Videos,Addons,return)</property>
			<property name="list">Addons</property>
			<visible>[StringCompare(System.ProfileName,Master user)] + StringCompare(Window(10000).Property(submenuVisibility),videos)</visible>
			<property name="group">videos</property>
			<property name="isSubmenu">True</property>
		</item>
	</include>
	<include name="skinshortcuts-group-plugin-audio-radio-de">
		<item id="1">
			<property name="id">$NUMBER[1]</property>
			<property name="mainmenuid">4</property>
			<label>$LOCALIZE[19019]</label>
			<label2>$ADDON[script.skinshortcuts 32087]</label2>
			<icon>special://skin/extras/icons/songs.png</icon>
			<thumb />
			<property name="labelID">19019</property>
			<property name="defaultID">19019</property>
			<visible>System.HasPVRAddon</visible>
			<onclick>ActivateWindow(RadioChannels)</onclick>
			<property name="path">ActivateWindow(RadioChannels)</property>
			<property name="list">RadioChannels</property>
			<visible>StringCompare(System.ProfileName,Master user)</visible>
			<property name="group">plugin.audio.radio_de</property>
			<property name="isSubmenu">True</property>
		</item>
		<item id="2">
			<property name="id">$NUMBER[2]</property>
			<property name="mainmenuid">4</property>
			<label>$LOCALIZE[22020]</label>
			<label2>$ADDON[script.skinshortcuts 32087]</label2>
			<icon>special://skin/extras/icons/songs.png</icon>
			<thumb />
			<property name="labelID">22020</property>
			<property name="defaultID">22020</property>
			<visible>System.HasPVRAddon</visible>
			<onclick>ActivateWindow(RadioGuide)</onclick>
			<property name="path">ActivateWindow(RadioGuide)</property>
			<property name="list">RadioGuide</property>
			<visible>StringCompare(System.ProfileName,Master user)</visible>
			<property name="group">plugin.audio.radio_de</property>
			<property name="isSubmenu">True</property>
		</item>
		<item id="3">
			<property name="id">$NUMBER[3]</property>
			<property name="mainmenuid">4</property>
			<label>$LOCALIZE[19163]</label>
			<label2>$ADDON[script.skinshortcuts 32087]</label2>
			<icon>special://skin/extras/icons/songs.png</icon>
			<thumb />
			<property name="labelID">19163</property>
			<property name="defaultID">19163</property>
			<visible>System.HasPVRAddon</visible>
			<onclick>ActivateWindow(RadioRecordings)</onclick>
			<property name="path">ActivateWindow(RadioRecordings)</property>
			<property name="list">RadioRecordings</property>
			<visible>StringCompare(System.ProfileName,Master user)</visible>
			<property name="group">plugin.audio.radio_de</property>
			<property name="isSubmenu">True</property>
		</item>
		<item id="4">
			<property name="id">$NUMBER[4]</property>
			<property name="mainmenuid">4</property>
			<label>$LOCALIZE[19040]</label>
			<label2>$ADDON[script.skinshortcuts 32087]</label2>
			<icon>special://skin/extras/icons/songs.png</icon>
			<thumb />
			<property name="labelID">19040</property>
			<property name="defaultID">19040</property>
			<visible>System.HasPVRAddon</visible>
			<onclick>ActivateWindow(RadioTimers)</onclick>
			<property name="path">ActivateWindow(RadioTimers)</property>
			<property name="list">RadioTimers</property>
			<visible>StringCompare(System.ProfileName,Master user)</visible>
			<property name="group">plugin.audio.radio_de</property>
			<property name="isSubmenu">True</property>
		</item>
		<item id="5">
			<property name="id">$NUMBER[5]</property>
			<property name="mainmenuid">4</property>
			<label>$LOCALIZE[137]</label>
			<label2>$ADDON[script.skinshortcuts 32087]</label2>
			<icon>special://skin/extras/icons/songs.png</icon>
			<thumb />
			<property name="labelID">137</property>
			<property name="defaultID">137</property>
			<visible>System.HasPVRAddon</visible>
			<onclick>ActivateWindow(RadioSearch)</onclick>
			<property name="path">ActivateWindow(RadioSearch)</property>
			<property name="list">RadioSearch</property>
			<visible>StringCompare(System.ProfileName,Master user)</visible>
			<property name="group">plugin.audio.radio_de</property>
			<property name="isSubmenu">True</property>
		</item>
	</include>
	<include name="skinshortcuts-group-alt-plugin-audio-radio-de">
		<item id="1">
			<property name="id">$NUMBER[1]</property>
			<property name="mainmenuid">4</property>
			<label>$LOCALIZE[19019]</label>
			<label2>$ADDON[script.skinshortcuts 32087]</label2>
			<icon>special://skin/extras/icons/songs.png</icon>
			<thumb />
			<property name="labelID">19019</property>
			<property name="defaultID">19019</property>
			<visible>[System.HasPVRAddon] + StringCompare(Window(10000).Property(submenuVisibility),plugin-audio-radio-de)</visible>
			<onclick>ActivateWindow(RadioChannels)</onclick>
			<property name="path">ActivateWindow(RadioChannels)</property>
			<property name="list">RadioChannels</property>
			<visible>StringCompare(System.ProfileName,Master user)</visible>
			<property name="group">plugin.audio.radio_de</property>
			<property name="isSubmenu">True</property>
		</item>
		<item id="2">
			<property name="id">$NUMBER[2]</property>
			<property name="mainmenuid">4</property>
			<label>$LOCALIZE[22020]</label>
			<label2>$ADDON[script.skinshortcuts 32087]</label2>
			<icon>special://skin/extras/icons/songs.png</icon>
			<thumb />
			<property name="labelID">22020</property>
			<property name="defaultID">22020</property>
			<visible>[System.HasPVRAddon] + StringCompare(Window(10000).Property(submenuVisibility),plugin-audio-radio-de)</visible>
			<onclick>ActivateWindow(RadioGuide)</onclick>
			<property name="path">ActivateWindow(RadioGuide)</property>
			<property name="list">RadioGuide</property>
			<visible>StringCompare(System.ProfileName,Master user)</visible>
			<property name="group">plugin.audio.radio_de</property>
			<property name="isSubmenu">True</property>
		</item>
		<item id="3">
			<property name="id">$NUMBER[3]</property>
			<property name="mainmenuid">4</property>
			<label>$LOCALIZE[19163]</label>
			<label2>$ADDON[script.skinshortcuts 32087]</label2>
			<icon>special://skin/extras/icons/songs.png</icon>
			<thumb />
			<property name="labelID">19163</property>
			<property name="defaultID">19163</property>
			<visible>[System.HasPVRAddon] + StringCompare(Window(10000).Property(submenuVisibility),plugin-audio-radio-de)</visible>
			<onclick>ActivateWindow(RadioRecordings)</onclick>
			<property name="path">ActivateWindow(RadioRecordings)</property>
			<property name="list">RadioRecordings</property>
			<visible>StringCompare(System.ProfileName,Master user)</visible>
			<property name="group">plugin.audio.radio_de</property>
			<property name="isSubmenu">True</property>
		</item>
		<item id="4">
			<property name="id">$NUMBER[4]</property>
			<property name="mainmenuid">4</property>
			<label>$LOCALIZE[19040]</label>
			<label2>$ADDON[script.skinshortcuts 32087]</label2>
			<icon>special://skin/extras/icons/songs.png</icon>
			<thumb />
			<property name="labelID">19040</property>
			<property name="defaultID">19040</property>
			<visible>[System.HasPVRAddon] + StringCompare(Window(10000).Property(submenuVisibility),plugin-audio-radio-de)</visible>
			<onclick>ActivateWindow(RadioTimers)</onclick>
			<property name="path">ActivateWindow(RadioTimers)</property>
			<property name="list">RadioTimers</property>
			<visible>StringCompare(System.ProfileName,Master user)</visible>
			<property name="group">plugin.audio.radio_de</property>
			<property name="isSubmenu">True</property>
		</item>
		<item id="5">
			<property name="id">$NUMBER[5]</property>
			<property name="mainmenuid">4</property>
			<label>$LOCALIZE[137]</label>
			<label2>$ADDON[script.skinshortcuts 32087]</label2>
			<icon>special://skin/extras/icons/songs.png</icon>
			<thumb />
			<property name="labelID">137</property>
			<property name="defaultID">137</property>
			<visible>[System.HasPVRAddon] + StringCompare(Window(10000).Property(submenuVisibility),plugin-audio-radio-de)</visible>
			<onclick>ActivateWindow(RadioSearch)</onclick>
			<property name="path">ActivateWindow(RadioSearch)</property>
			<property name="list">RadioSearch</property>
			<visible>StringCompare(System.ProfileName,Master user)</visible>
			<property name="group">plugin.audio.radio_de</property>
			<property name="isSubmenu">True</property>
		</item>
	</include>
	<include name="skinshortcuts-group-infantil">
		<item id="1">
			<property name="id">$NUMBER[1]</property>
			<property name="mainmenuid">5</property>
			<label>[COLOR gold]PEQUELANDIA[/COLOR]</label>
			<label2>Complemento de Vídeo</label2>
			<icon>special://skin/extras/icons/addtile.png</icon>
			<thumb>image://C%3a%5cUsers%5cCarles%5cDesktop%5cKodiPortable17.4%5cApp%5cKodi%5cportable_data%5caddons%5cplugin.video.pequelandia%5cicon.png/</thumb>
			<property name="labelID">plugin.video.pequelandia</property>
			<property name="defaultID">plugin.video.pequelandia</property>
			<property name="translatedPath">ActivateWindow(Videos,"plugin://plugin.video.pequelandia",return)</property>
			<onclick>ActivateWindow(Videos,"plugin://plugin.video.pequelandia",return)</onclick>
			<property name="path">ActivateWindow(Videos,"plugin://plugin.video.pequelandia",return)</property>
			<property name="list">plugin://plugin.video.pequelandia</property>
			<visible>StringCompare(System.ProfileName,Master user)</visible>
			<property name="group">infantil</property>
			<property name="isSubmenu">True</property>
		</item>
		<item id="2">
			<property name="id">$NUMBER[2]</property>
			<property name="mainmenuid">5</property>
			<label>[COLOR gold][B]Series Infantiles[/B][/COLOR]</label>
			<label2>Complemento de Vídeo</label2>
			<icon>special://skin/extras/icons/addtile.png</icon>
			<thumb>image://C%3a%5cUsers%5cCarles%5cAppData%5cRoaming%5cKodi%5caddons%5cplugin.video.palantir%5cresources%2fmedia%2f%2fseries_dibujos.png/</thumb>
			<property name="labelID">colorgold-b-seriesinfantiles-b-color</property>
			<property name="defaultID" />
			<property name="translatedPath">ActivateWindow(Videos,"plugin://plugin.video.palantir/?action=seriesInf",return)</property>
			<onclick>ActivateWindow(Videos,"plugin://plugin.video.palantir/?action=seriesInf",return)</onclick>
			<property name="path">ActivateWindow(Videos,"plugin://plugin.video.palantir/?action=seriesInf",return)</property>
			<property name="list">plugin://plugin.video.palantir/?action=seriesInf</property>
			<visible>StringCompare(System.ProfileName,Master user)</visible>
			<property name="group">infantil</property>
			<property name="isSubmenu">True</property>
		</item>
		<item id="3">
			<property name="id">$NUMBER[3]</property>
			<property name="mainmenuid">5</property>
			<label>[COLOR gold][B]Series Anime[/B][/COLOR]</label>
			<label2>Complemento de Vídeo</label2>
			<icon>special://skin/extras/icons/addtile.png</icon>
			<thumb>image://C%3a%5cUsers%5cCarles%5cAppData%5cRoaming%5cKodi%5caddons%5cplugin.video.palantir%5cresources%2fmedia%2f%2fseries_anime.png/</thumb>
			<property name="labelID">colorgold-b-seriesanime-b-color</property>
			<property name="defaultID" />
			<property name="translatedPath">ActivateWindow(Videos,"plugin://plugin.video.palantir/?action=series_anime",return)</property>
			<onclick>ActivateWindow(Videos,"plugin://plugin.video.palantir/?action=series_anime",return)</onclick>
			<property name="path">ActivateWindow(Videos,"plugin://plugin.video.palantir/?action=series_anime",return)</property>
			<property name="list">plugin://plugin.video.palantir/?action=series_anime</property>
			<visible>StringCompare(System.ProfileName,Master user)</visible>
			<property name="group">infantil</property>
			<property name="isSubmenu">True</property>
		</item>
		<item id="4">
			<property name="id">$NUMBER[4]</property>
			<property name="mainmenuid">5</property>
			<label>[COLOR gold][B]Pelis Dibujos[/B][/COLOR]</label>
			<label2>Complemento de Vídeo</label2>
			<icon>special://skin/extras/icons/addtile.png</icon>
			<thumb>image://C%3a%5cUsers%5cCarles%5cAppData%5cRoaming%5cKodi%5caddons%5cplugin.video.palantir%5cresources%2fmedia%2f%2fpelis_dibujos.png/</thumb>
			<property name="labelID">colorgold-b-pelisdibujos-b-color</property>
			<property name="defaultID" />
			<property name="translatedPath">ActivateWindow(Videos,"plugin://plugin.video.palantir/?action=peli_inf",return)</property>
			<onclick>ActivateWindow(Videos,"plugin://plugin.video.palantir/?action=peli_inf",return)</onclick>
			<property name="path">ActivateWindow(Videos,"plugin://plugin.video.palantir/?action=peli_inf",return)</property>
			<property name="list">plugin://plugin.video.palantir/?action=peli_inf</property>
			<visible>StringCompare(System.ProfileName,Master user)</visible>
			<property name="group">infantil</property>
			<property name="isSubmenu">True</property>
		</item>
	</include>
	<include name="skinshortcuts-group-alt-infantil">
		<item id="1">
			<property name="id">$NUMBER[1]</property>
			<property name="mainmenuid">5</property>
			<label>[COLOR gold]PEQUELANDIA[/COLOR]</label>
			<label2>Complemento de Vídeo</label2>
			<icon>special://skin/extras/icons/addtile.png</icon>
			<thumb>image://C%3a%5cUsers%5cCarles%5cDesktop%5cKodiPortable17.4%5cApp%5cKodi%5cportable_data%5caddons%5cplugin.video.pequelandia%5cicon.png/</thumb>
			<property name="labelID">plugin.video.pequelandia</property>
			<property name="defaultID">plugin.video.pequelandia</property>
			<property name="translatedPath">ActivateWindow(Videos,"plugin://plugin.video.pequelandia",return)</property>
			<onclick>ActivateWindow(Videos,"plugin://plugin.video.pequelandia",return)</onclick>
			<property name="path">ActivateWindow(Videos,"plugin://plugin.video.pequelandia",return)</property>
			<property name="list">plugin://plugin.video.pequelandia</property>
			<visible>[StringCompare(System.ProfileName,Master user)] + StringCompare(Window(10000).Property(submenuVisibility),infantil)</visible>
			<property name="group">infantil</property>
			<property name="isSubmenu">True</property>
		</item>
		<item id="2">
			<property name="id">$NUMBER[2]</property>
			<property name="mainmenuid">5</property>
			<label>[COLOR gold][B]Series Infantiles[/B][/COLOR]</label>
			<label2>Complemento de Vídeo</label2>
			<icon>special://skin/extras/icons/addtile.png</icon>
			<thumb>image://C%3a%5cUsers%5cCarles%5cAppData%5cRoaming%5cKodi%5caddons%5cplugin.video.palantir%5cresources%2fmedia%2f%2fseries_dibujos.png/</thumb>
			<property name="labelID">colorgold-b-seriesinfantiles-b-color</property>
			<property name="defaultID" />
			<property name="translatedPath">ActivateWindow(Videos,"plugin://plugin.video.palantir/?action=seriesInf",return)</property>
			<onclick>ActivateWindow(Videos,"plugin://plugin.video.palantir/?action=seriesInf",return)</onclick>
			<property name="path">ActivateWindow(Videos,"plugin://plugin.video.palantir/?action=seriesInf",return)</property>
			<property name="list">plugin://plugin.video.palantir/?action=seriesInf</property>
			<visible>[StringCompare(System.ProfileName,Master user)] + StringCompare(Window(10000).Property(submenuVisibility),infantil)</visible>
			<property name="group">infantil</property>
			<property name="isSubmenu">True</property>
		</item>
		<item id="3">
			<property name="id">$NUMBER[3]</property>
			<property name="mainmenuid">5</property>
			<label>[COLOR gold][B]Series Anime[/B][/COLOR]</label>
			<label2>Complemento de Vídeo</label2>
			<icon>special://skin/extras/icons/addtile.png</icon>
			<thumb>image://C%3a%5cUsers%5cCarles%5cAppData%5cRoaming%5cKodi%5caddons%5cplugin.video.palantir%5cresources%2fmedia%2f%2fseries_anime.png/</thumb>
			<property name="labelID">colorgold-b-seriesanime-b-color</property>
			<property name="defaultID" />
			<property name="translatedPath">ActivateWindow(Videos,"plugin://plugin.video.palantir/?action=series_anime",return)</property>
			<onclick>ActivateWindow(Videos,"plugin://plugin.video.palantir/?action=series_anime",return)</onclick>
			<property name="path">ActivateWindow(Videos,"plugin://plugin.video.palantir/?action=series_anime",return)</property>
			<property name="list">plugin://plugin.video.palantir/?action=series_anime</property>
			<visible>[StringCompare(System.ProfileName,Master user)] + StringCompare(Window(10000).Property(submenuVisibility),infantil)</visible>
			<property name="group">infantil</property>
			<property name="isSubmenu">True</property>
		</item>
		<item id="4">
			<property name="id">$NUMBER[4]</property>
			<property name="mainmenuid">5</property>
			<label>[COLOR gold][B]Pelis Dibujos[/B][/COLOR]</label>
			<label2>Complemento de Vídeo</label2>
			<icon>special://skin/extras/icons/addtile.png</icon>
			<thumb>image://C%3a%5cUsers%5cCarles%5cAppData%5cRoaming%5cKodi%5caddons%5cplugin.video.palantir%5cresources%2fmedia%2f%2fpelis_dibujos.png/</thumb>
			<property name="labelID">colorgold-b-pelisdibujos-b-color</property>
			<property name="defaultID" />
			<property name="translatedPath">ActivateWindow(Videos,"plugin://plugin.video.palantir/?action=peli_inf",return)</property>
			<onclick>ActivateWindow(Videos,"plugin://plugin.video.palantir/?action=peli_inf",return)</onclick>
			<property name="path">ActivateWindow(Videos,"plugin://plugin.video.palantir/?action=peli_inf",return)</property>
			<property name="list">plugin://plugin.video.palantir/?action=peli_inf</property>
			<visible>[StringCompare(System.ProfileName,Master user)] + StringCompare(Window(10000).Property(submenuVisibility),infantil)</visible>
			<property name="group">infantil</property>
			<property name="isSubmenu">True</property>
		</item>
	</include>
	<include name="skinshortcuts-group-peliculas">
		<item id="1">
			<property name="id">$NUMBER[1]</property>
			<property name="mainmenuid">6</property>
			<label>Pelis Recientes</label>
			<label2>Complemento de Vídeo</label2>
			<icon>special://skin/extras/icons/addtile.png</icon>
			<thumb>image://C%3a%5cUsers%5cCarles%5cAppData%5cRoaming%5cKodi%5caddons%5cplugin.video.palantir%5cresources%2fmedia%2f%2fpelis_recientes.png/</thumb>
			<property name="labelID">pelisrecientes</property>
			<property name="defaultID" />
			<property name="translatedPath">ActivateWindow(Videos,"plugin://plugin.video.palantir/?action=ultimas_pelis",return)</property>
			<onclick>ActivateWindow(Videos,"plugin://plugin.video.palantir/?action=ultimas_pelis",return)</onclick>
			<property name="path">ActivateWindow(Videos,"plugin://plugin.video.palantir/?action=ultimas_pelis",return)</property>
			<property name="list">plugin://plugin.video.palantir/?action=ultimas_pelis</property>
			<visible>StringCompare(System.ProfileName,Master user)</visible>
			<property name="group">peliculas</property>
			<property name="isSubmenu">True</property>
		</item>
		<item id="2">
			<property name="id">$NUMBER[2]</property>
			<property name="mainmenuid">6</property>
			<label>Sagas</label>
			<label2>Complemento de Vídeo</label2>
			<icon>special://skin/extras/icons/addtile.png</icon>
			<thumb>image://C%3a%5cUsers%5cCarles%5cAppData%5cRoaming%5cKodi%5caddons%5cplugin.video.palantir%5cresources%2fmedia%2f%2fsagas.png/</thumb>
			<property name="labelID">sagas</property>
			<property name="defaultID" />
			<property name="translatedPath">ActivateWindow(Videos,"plugin://plugin.video.palantir/?action=sagas",return)</property>
			<onclick>ActivateWindow(Videos,"plugin://plugin.video.palantir/?action=sagas",return)</onclick>
			<property name="path">ActivateWindow(Videos,"plugin://plugin.video.palantir/?action=sagas",return)</property>
			<property name="list">plugin://plugin.video.palantir/?action=sagas</property>
			<visible>StringCompare(System.ProfileName,Master user)</visible>
			<property name="group">peliculas</property>
			<property name="isSubmenu">True</property>
		</item>
	</include>
	<include name="skinshortcuts-group-alt-peliculas">
		<item id="1">
			<property name="id">$NUMBER[1]</property>
			<property name="mainmenuid">6</property>
			<label>Pelis Recientes</label>
			<label2>Complemento de Vídeo</label2>
			<icon>special://skin/extras/icons/addtile.png</icon>
			<thumb>image://C%3a%5cUsers%5cCarles%5cAppData%5cRoaming%5cKodi%5caddons%5cplugin.video.palantir%5cresources%2fmedia%2f%2fpelis_recientes.png/</thumb>
			<property name="labelID">pelisrecientes</property>
			<property name="defaultID" />
			<property name="translatedPath">ActivateWindow(Videos,"plugin://plugin.video.palantir/?action=ultimas_pelis",return)</property>
			<onclick>ActivateWindow(Videos,"plugin://plugin.video.palantir/?action=ultimas_pelis",return)</onclick>
			<property name="path">ActivateWindow(Videos,"plugin://plugin.video.palantir/?action=ultimas_pelis",return)</property>
			<property name="list">plugin://plugin.video.palantir/?action=ultimas_pelis</property>
			<visible>[StringCompare(System.ProfileName,Master user)] + StringCompare(Window(10000).Property(submenuVisibility),peliculas)</visible>
			<property name="group">peliculas</property>
			<property name="isSubmenu">True</property>
		</item>
		<item id="2">
			<property name="id">$NUMBER[2]</property>
			<property name="mainmenuid">6</property>
			<label>Sagas</label>
			<label2>Complemento de Vídeo</label2>
			<icon>special://skin/extras/icons/addtile.png</icon>
			<thumb>image://C%3a%5cUsers%5cCarles%5cAppData%5cRoaming%5cKodi%5caddons%5cplugin.video.palantir%5cresources%2fmedia%2f%2fsagas.png/</thumb>
			<property name="labelID">sagas</property>
			<property name="defaultID" />
			<property name="translatedPath">ActivateWindow(Videos,"plugin://plugin.video.palantir/?action=sagas",return)</property>
			<onclick>ActivateWindow(Videos,"plugin://plugin.video.palantir/?action=sagas",return)</onclick>
			<property name="path">ActivateWindow(Videos,"plugin://plugin.video.palantir/?action=sagas",return)</property>
			<property name="list">plugin://plugin.video.palantir/?action=sagas</property>
			<visible>[StringCompare(System.ProfileName,Master user)] + StringCompare(Window(10000).Property(submenuVisibility),peliculas)</visible>
			<property name="group">peliculas</property>
			<property name="isSubmenu">True</property>
		</item>
	</include>
	<include name="skinshortcuts-group-series">
		<item id="1">
			<property name="id">$NUMBER[1]</property>
			<property name="mainmenuid">7</property>
			<label>Retro</label>
			<label2>Complemento de Vídeo</label2>
			<icon>special://skin/extras/icons/addtile.png</icon>
			<thumb>image://C%3a%5cUsers%5cCarles%5cAppData%5cRoaming%5cKodi%5caddons%5cplugin.video.palantir%5cresources%2fmedia%2f%2fseries_retro.png/</thumb>
			<property name="labelID">retro</property>
			<property name="defaultID" />
			<property name="translatedPath">ActivateWindow(Videos,"plugin://plugin.video.palantir/?action=retro",return)</property>
			<onclick>ActivateWindow(Videos,"plugin://plugin.video.palantir/?action=retro",return)</onclick>
			<property name="path">ActivateWindow(Videos,"plugin://plugin.video.palantir/?action=retro",return)</property>
			<property name="list">plugin://plugin.video.palantir/?action=retro</property>
			<visible>StringCompare(System.ProfileName,Master user)</visible>
			<property name="group">series</property>
			<property name="isSubmenu">True</property>
		</item>
		<item id="2">
			<property name="id">$NUMBER[2]</property>
			<property name="mainmenuid">7</property>
			<label>Recientes</label>
			<label2>Complemento de Vídeo</label2>
			<icon>special://skin/extras/icons/addtile.png</icon>
			<thumb>image://C%3a%5cUsers%5cCarles%5cAppData%5cRoaming%5cKodi%5caddons%5cplugin.video.palantir%5cresources%2fmedia%2f%2fseries_recientes.png/</thumb>
			<property name="labelID">recientes</property>
			<property name="defaultID" />
			<property name="translatedPath">ActivateWindow(Videos,"plugin://plugin.video.palantir/?action=ultimas_series",return)</property>
			<onclick>ActivateWindow(Videos,"plugin://plugin.video.palantir/?action=ultimas_series",return)</onclick>
			<property name="path">ActivateWindow(Videos,"plugin://plugin.video.palantir/?action=ultimas_series",return)</property>
			<property name="list">plugin://plugin.video.palantir/?action=ultimas_series</property>
			<visible>StringCompare(System.ProfileName,Master user)</visible>
			<property name="group">series</property>
			<property name="isSubmenu">True</property>
		</item>
	</include>
	<include name="skinshortcuts-group-alt-series">
		<item id="1">
			<property name="id">$NUMBER[1]</property>
			<property name="mainmenuid">7</property>
			<label>Retro</label>
			<label2>Complemento de Vídeo</label2>
			<icon>special://skin/extras/icons/addtile.png</icon>
			<thumb>image://C%3a%5cUsers%5cCarles%5cAppData%5cRoaming%5cKodi%5caddons%5cplugin.video.palantir%5cresources%2fmedia%2f%2fseries_retro.png/</thumb>
			<property name="labelID">retro</property>
			<property name="defaultID" />
			<property name="translatedPath">ActivateWindow(Videos,"plugin://plugin.video.palantir/?action=retro",return)</property>
			<onclick>ActivateWindow(Videos,"plugin://plugin.video.palantir/?action=retro",return)</onclick>
			<property name="path">ActivateWindow(Videos,"plugin://plugin.video.palantir/?action=retro",return)</property>
			<property name="list">plugin://plugin.video.palantir/?action=retro</property>
			<visible>[StringCompare(System.ProfileName,Master user)] + StringCompare(Window(10000).Property(submenuVisibility),series)</visible>
			<property name="group">series</property>
			<property name="isSubmenu">True</property>
		</item>
		<item id="2">
			<property name="id">$NUMBER[2]</property>
			<property name="mainmenuid">7</property>
			<label>Recientes</label>
			<label2>Complemento de Vídeo</label2>
			<icon>special://skin/extras/icons/addtile.png</icon>
			<thumb>image://C%3a%5cUsers%5cCarles%5cAppData%5cRoaming%5cKodi%5caddons%5cplugin.video.palantir%5cresources%2fmedia%2f%2fseries_recientes.png/</thumb>
			<property name="labelID">recientes</property>
			<property name="defaultID" />
			<property name="translatedPath">ActivateWindow(Videos,"plugin://plugin.video.palantir/?action=ultimas_series",return)</property>
			<onclick>ActivateWindow(Videos,"plugin://plugin.video.palantir/?action=ultimas_series",return)</onclick>
			<property name="path">ActivateWindow(Videos,"plugin://plugin.video.palantir/?action=ultimas_series",return)</property>
			<property name="list">plugin://plugin.video.palantir/?action=ultimas_series</property>
			<visible>[StringCompare(System.ProfileName,Master user)] + StringCompare(Window(10000).Property(submenuVisibility),series)</visible>
			<property name="group">series</property>
			<property name="isSubmenu">True</property>
		</item>
	</include>
	<include name="skinshortcuts-group-music">
		<item id="1">
			<property name="id">$NUMBER[1]</property>
			<property name="mainmenuid">8</property>
			<label>$LOCALIZE[744]</label>
			<label2>$ADDON[script.skinshortcuts 32019]</label2>
			<icon>special://skin/extras/icons/files.png</icon>
			<thumb />
			<property name="labelID">744</property>
			<property name="defaultID">744</property>
			<onclick>ActivateWindow(Music,Files,Return)</onclick>
			<property name="path">ActivateWindow(Music,Files,Return)</property>
			<property name="list">Files</property>
			<visible>StringCompare(System.ProfileName,Master user)</visible>
			<property name="group">music</property>
			<property name="isSubmenu">True</property>
		</item>
		<item id="2">
			<property name="id">$NUMBER[2]</property>
			<property name="mainmenuid">8</property>
			<label>$LOCALIZE[15100]</label>
			<label2>$ADDON[script.skinshortcuts 32019]</label2>
			<icon>special://skin/extras/icons/files.png</icon>
			<thumb />
			<property name="labelID">15100</property>
			<property name="defaultID">15100</property>
			<onclick>ActivateWindow(Music,MusicLibrary,return)</onclick>
			<property name="path">ActivateWindow(Music,MusicLibrary,return)</property>
			<property name="list">MusicLibrary</property>
			<visible>StringCompare(System.ProfileName,Master user)</visible>
			<property name="group">music</property>
			<property name="isSubmenu">True</property>
		</item>
		<item id="3">
			<property name="id">$NUMBER[3]</property>
			<property name="mainmenuid">8</property>
			<label>$LOCALIZE[1038]</label>
			<label2>$ADDON[script.skinshortcuts 32019]</label2>
			<icon>special://skin/extras/icons/songs.png</icon>
			<thumb />
			<property name="labelID">1038</property>
			<property name="defaultID">1038</property>
			<onclick>ActivateWindow(Music,Addons,return)</onclick>
			<property name="path">ActivateWindow(Music,Addons,return)</property>
			<property name="list">Addons</property>
			<visible>StringCompare(System.ProfileName,Master user)</visible>
			<property name="group">music</property>
			<property name="isSubmenu">True</property>
		</item>
	</include>
	<include name="skinshortcuts-group-alt-music">
		<item id="1">
			<property name="id">$NUMBER[1]</property>
			<property name="mainmenuid">8</property>
			<label>$LOCALIZE[744]</label>
			<label2>$ADDON[script.skinshortcuts 32019]</label2>
			<icon>special://skin/extras/icons/files.png</icon>
			<thumb />
			<property name="labelID">744</property>
			<property name="defaultID">744</property>
			<onclick>ActivateWindow(Music,Files,Return)</onclick>
			<property name="path">ActivateWindow(Music,Files,Return)</property>
			<property name="list">Files</property>
			<visible>[StringCompare(System.ProfileName,Master user)] + StringCompare(Window(10000).Property(submenuVisibility),music)</visible>
			<property name="group">music</property>
			<property name="isSubmenu">True</property>
		</item>
		<item id="2">
			<property name="id">$NUMBER[2]</property>
			<property name="mainmenuid">8</property>
			<label>$LOCALIZE[15100]</label>
			<label2>$ADDON[script.skinshortcuts 32019]</label2>
			<icon>special://skin/extras/icons/files.png</icon>
			<thumb />
			<property name="labelID">15100</property>
			<property name="defaultID">15100</property>
			<onclick>ActivateWindow(Music,MusicLibrary,return)</onclick>
			<property name="path">ActivateWindow(Music,MusicLibrary,return)</property>
			<property name="list">MusicLibrary</property>
			<visible>[StringCompare(System.ProfileName,Master user)] + StringCompare(Window(10000).Property(submenuVisibility),music)</visible>
			<property name="group">music</property>
			<property name="isSubmenu">True</property>
		</item>
		<item id="3">
			<property name="id">$NUMBER[3]</property>
			<property name="mainmenuid">8</property>
			<label>$LOCALIZE[1038]</label>
			<label2>$ADDON[script.skinshortcuts 32019]</label2>
			<icon>special://skin/extras/icons/songs.png</icon>
			<thumb />
			<property name="labelID">1038</property>
			<property name="defaultID">1038</property>
			<onclick>ActivateWindow(Music,Addons,return)</onclick>
			<property name="path">ActivateWindow(Music,Addons,return)</property>
			<property name="list">Addons</property>
			<visible>[StringCompare(System.ProfileName,Master user)] + StringCompare(Window(10000).Property(submenuVisibility),music)</visible>
			<property name="group">music</property>
			<property name="isSubmenu">True</property>
		</item>
	</include>
	<include name="skinshortcuts-group-programs">
		<description>No items</description>
	</include>
	<include name="skinshortcuts-group-alt-programs">
		<description>No items</description>
	</include>
	<include name="skinshortcuts-group-settings">
		<item id="1">
			<property name="id">$NUMBER[1]</property>
			<property name="mainmenuid">10</property>
			<label>$LOCALIZE[7]</label>
			<label2>$ADDON[script.skinshortcuts 32034]</label2>
			<icon>special://skin/extras/icons/files.png</icon>
			<thumb />
			<property name="labelID">7</property>
			<property name="defaultID">7</property>
			<onclick>ActivateWindow(FileManager)</onclick>
			<property name="path">ActivateWindow(FileManager)</property>
			<property name="list">FileManager</property>
			<visible>StringCompare(System.ProfileName,Master user)</visible>
			<property name="group">settings</property>
			<property name="isSubmenu">True</property>
		</item>
		<item id="2">
			<property name="id">$NUMBER[2]</property>
			<property name="mainmenuid">10</property>
			<label>$LOCALIZE[13200]</label>
			<label2>$ADDON[script.skinshortcuts 32034]</label2>
			<icon>special://skin/extras/icons/actor.png</icon>
			<thumb />
			<property name="labelID">13200</property>
			<property name="defaultID">13200</property>
			<onclick>ActivateWindow(Profiles)</onclick>
			<property name="path">ActivateWindow(Profiles)</property>
			<property name="list">Profiles</property>
			<visible>StringCompare(System.ProfileName,Master user)</visible>
			<property name="group">settings</property>
			<property name="isSubmenu">True</property>
		</item>
		<item id="3">
			<property name="id">$NUMBER[3]</property>
			<property name="mainmenuid">10</property>
			<label>$LOCALIZE[10007]</label>
			<label2>$ADDON[script.skinshortcuts 32034]</label2>
			<icon>special://skin/extras/icons/sysinfo.png</icon>
			<thumb />
			<property name="labelID">10007</property>
			<property name="defaultID">10007</property>
			<onclick>ActivateWindow(SystemInfo)</onclick>
			<property name="path">ActivateWindow(SystemInfo)</property>
			<property name="list">SystemInfo</property>
			<visible>StringCompare(System.ProfileName,Master user)</visible>
			<property name="group">settings</property>
			<property name="isSubmenu">True</property>
		</item>
		<item id="4">
			<property name="id">$NUMBER[4]</property>
			<property name="mainmenuid">10</property>
			<label>$LOCALIZE[14111]</label>
			<label2>$ADDON[script.skinshortcuts 32034]</label2>
			<icon>special://skin/extras/icons/actor.png</icon>
			<thumb />
			<property name="labelID">14111</property>
			<property name="defaultID">14111</property>
			<visible>system.getbool(eventlog.enabled)</visible>
			<onclick>ActivateWindow(EventLog,events://,return)</onclick>
			<property name="path">ActivateWindow(EventLog,events://,return)</property>
			<property name="list">events://</property>
			<visible>StringCompare(System.ProfileName,Master user)</visible>
			<property name="group">settings</property>
			<property name="isSubmenu">True</property>
		</item>
	</include>
	<include name="skinshortcuts-group-alt-settings">
		<item id="1">
			<property name="id">$NUMBER[1]</property>
			<property name="mainmenuid">10</property>
			<label>$LOCALIZE[7]</label>
			<label2>$ADDON[script.skinshortcuts 32034]</label2>
			<icon>special://skin/extras/icons/files.png</icon>
			<thumb />
			<property name="labelID">7</property>
			<property name="defaultID">7</property>
			<onclick>ActivateWindow(FileManager)</onclick>
			<property name="path">ActivateWindow(FileManager)</property>
			<property name="list">FileManager</property>
			<visible>[StringCompare(System.ProfileName,Master user)] + StringCompare(Window(10000).Property(submenuVisibility),settings)</visible>
			<property name="group">settings</property>
			<property name="isSubmenu">True</property>
		</item>
		<item id="2">
			<property name="id">$NUMBER[2]</property>
			<property name="mainmenuid">10</property>
			<label>$LOCALIZE[13200]</label>
			<label2>$ADDON[script.skinshortcuts 32034]</label2>
			<icon>special://skin/extras/icons/actor.png</icon>
			<thumb />
			<property name="labelID">13200</property>
			<property name="defaultID">13200</property>
			<onclick>ActivateWindow(Profiles)</onclick>
			<property name="path">ActivateWindow(Profiles)</property>
			<property name="list">Profiles</property>
			<visible>[StringCompare(System.ProfileName,Master user)] + StringCompare(Window(10000).Property(submenuVisibility),settings)</visible>
			<property name="group">settings</property>
			<property name="isSubmenu">True</property>
		</item>
		<item id="3">
			<property name="id">$NUMBER[3]</property>
			<property name="mainmenuid">10</property>
			<label>$LOCALIZE[10007]</label>
			<label2>$ADDON[script.skinshortcuts 32034]</label2>
			<icon>special://skin/extras/icons/sysinfo.png</icon>
			<thumb />
			<property name="labelID">10007</property>
			<property name="defaultID">10007</property>
			<onclick>ActivateWindow(SystemInfo)</onclick>
			<property name="path">ActivateWindow(SystemInfo)</property>
			<property name="list">SystemInfo</property>
			<visible>[StringCompare(System.ProfileName,Master user)] + StringCompare(Window(10000).Property(submenuVisibility),settings)</visible>
			<property name="group">settings</property>
			<property name="isSubmenu">True</property>
		</item>
		<item id="4">
			<property name="id">$NUMBER[4]</property>
			<property name="mainmenuid">10</property>
			<label>$LOCALIZE[14111]</label>
			<label2>$ADDON[script.skinshortcuts 32034]</label2>
			<icon>special://skin/extras/icons/actor.png</icon>
			<thumb />
			<property name="labelID">14111</property>
			<property name="defaultID">14111</property>
			<visible>[system.getbool(eventlog.enabled)] + StringCompare(Window(10000).Property(submenuVisibility),settings)</visible>
			<onclick>ActivateWindow(EventLog,events://,return)</onclick>
			<property name="path">ActivateWindow(EventLog,events://,return)</property>
			<property name="list">events://</property>
			<visible>StringCompare(System.ProfileName,Master user)</visible>
			<property name="group">settings</property>
			<property name="isSubmenu">True</property>
		</item>
	</include>
</includes>
