<?xml version="1.0" encoding="UTF-8"?>
<window>
	<defaultcontrol always="true">450</defaultcontrol>

	<coordinates>
		<system>1</system>
		<origin x="148" y="120">true</origin>
	</coordinates>
	
	<controls>
		<control type="group">
			<depth>DepthDialog+</depth>
			<include>DialogOpenCloseAnim</include>
			
			<include content="DialogWithCloseBtnLabelID">
				<param name="width" value="984"/>
				<param name="height" value="460" />
				<param name="left" value="924" />
				<param name="labelwidth" value="914" />
				<param name="label" value="" />
				<param name="id" value="411" />
			</include>
			
			<control type="group">
				<left>DialogMarginOffsetX</left>
				<top>DialogMarginOffsetY</top>
				
				<control type="label" id="412">
					<description>Path</description>
					<width>800</width>
					<haspath>true</haspath>
					<scroll>true</scroll>
					<include>DialogHeadLabel</include>
					<include>DialogHeadLabelFade</include>
				</control>
				
				<control type="image">
					<description>Paths Background</description>
					<top>20</top>
					<width>582</width>
					<height>325</height>
					<texture border="5">controls/button-nofocus.png</texture>
					<visible>Control.IsVisible(450) | Control.IsVisible(451)</visible>
					<animation effect="zoom" start="55,100" center="20,145" time="400" tween="circle" easing="out">Visible</animation>
				</control>
				
				<include>FileBrowserScrollbar</include>
				
				<control type="image">
					<description>Icon Background</description>
					<left>604</left>
					<top>20</top>
					<width>310</width>
					<height>325</height>
					<texture border="5">controls/button-nofocus.png</texture>
					<visible>!String.IsEmpty(ListItem.Icon)</visible>
					<animation effect="zoom" start="55,100" center="20,145" time="400" tween="circle" easing="out">Visible</animation>
				</control>
				
				<control type="group" id="259">
					<description>Icon View</description>
					
					<control type="panel" id="451">
						<left>5</left>
						<top>25</top>
						<width>572</width>
						<height>315</height>
						<pagecontrol>914</pagecontrol>
						<onup>451</onup>
						<ondown>451</ondown>
						<onleft>9001</onleft>
						<onright>150</onright>
						<itemlayout height="157" width="143">
							<control type="image">
                                <description>Background</description>
                                <left>11</left>
                                <top>10</top>
                                <width>120</width>
                                <height>120</height>
                                <texture border="5">controls/button-nofocus.png</texture>
                            </control>
							 <control type="image">
                                <description>Cover</description>
                                <left>11</left>
                                <top>10</top>
                                <width>120</width>
                                <height>120</height>
								<bordersize>7</bordersize>
                                <info>ListItem.Thumb</info>
								<aspectratio>keep</aspectratio>
                                <visible>!String.IsEmpty(ListItem.Thumb)</visible>
                            </control>
                            <control type="image">
                                <description>Default Cover</description>
                                <left>11</left>
                                <top>10</top>
                                <width>120</width>
                                <height>120</height>
								<bordersize>7</bordersize>
                                <info>ListItem.Icon</info>
								<aspectratio>keep</aspectratio>
                                <visible>String.IsEmpty(ListItem.Thumb)</visible>
                            </control> 
							<control type="label">
								<left>5</left>
								<top>137</top>
								<width>133</width>
								<font>ButtonFont2</font>
								<textcolor>ButtonColor</textcolor>
								<shadowcolor>ShadowColor</shadowcolor>
								<align>center</align>
								<info>ListItem.Label</info>
							</control>
                        </itemlayout>
                        <focusedlayout height="157" width="143">
							<control type="image">
                                <description>Background</description>
                                <left>11</left>
                                <top>10</top>
                                <width>120</width>
                                <height>120</height>
                                <texture border="4">views/list-focus.png</texture>
								<animation effect="fade" end="80" condition="true">Conditional</animation>
                            </control>
                            <control type="image">
                                <description>Cover</description>
                                <left>11</left>
                                <top>10</top>
                                <width>120</width>
                                <height>120</height>
								<bordersize>7</bordersize>
                                <info>ListItem.Thumb</info>
								<aspectratio>keep</aspectratio>
                                <visible>!String.IsEmpty(ListItem.Thumb)</visible>
                            </control>
                            <control type="image">
                                <description>Default Cover</description>
                                <left>11</left>
                                <top>10</top>
                                <width>120</width>
                                <height>120</height>
								<bordersize>7</bordersize>
                                <info>ListItem.Icon</info>
								<aspectratio>keep</aspectratio>
                                <visible>String.IsEmpty(ListItem.Thumb)</visible>
                            </control>
							<control type="label">
								<left>5</left>
								<top>137</top>
								<width>133</width>
								<font>ButtonFont2</font>
								<textcolor>ButtonFocusColor</textcolor>
								<shadowcolor>ShadowColor</shadowcolor>
								<align>center</align>
								<info>ListItem.Label</info>
							</control>
						</focusedlayout>
					</control>
				</control>
				
				<control type="group" id="260">
					<description>List View</description>

					<control type="list" id="450">
						<description>Paths</description>
						<left>5</left>
						<top>25</top>
						<width>572</width>
						<height>315</height>
						<pagecontrol>914</pagecontrol>
						<onup>450</onup>
						<ondown>450</ondown>
						<onleft>9001</onleft>
						<onright>150</onright>
						<itemlayout height="35">
							<control type="image">
								<left>5</left>
								<top>6</top>
								<width>24</width>
								<height>24</height>
								<texture>$INFO[ListItem.ActualIcon].png</texture>
							</control>
							<control type="label">
								<left>35</left>
								<width>530</width>
								<height>35</height>
								<font>ButtonFont2</font>
								<textcolor>ButtonColor</textcolor>
								<aligny>center</aligny>
								<info>ListItem.Label</info>
							</control>
						</itemlayout>
						<focusedlayout height="35">
							<control type="image">
								<width>572</width>
								<height>35</height>
								<texture border="4">views/list-focus.png</texture>
								<visible>Control.HasFocus(450)</visible>
								<include>ListViewSelectFadeAnim</include>
								<include condition="![Skin.String(LowCPUPowerMode,Animations) | Skin.String(LowCPUPowerMode,Full)]">ListViewDialogScrollAnim</include>
							</control>
							<control type="image">
								<width>572</width>
								<height>35</height>
								<texture border="4">views/list-alt-focus.png</texture>
								<visible>!Control.HasFocus(450)</visible>
								<include>ListViewSelectFadeAnim2</include>
							</control>
							<control type="group">
								<include>ListViewFocusAnim</include>
								<control type="image">
									<left>5</left>
									<top>6</top>
									<width>24</width>
									<height>24</height>
									<texture>$INFO[ListItem.ActualIcon].png</texture>
								</control>
								<control type="label">
									<left>35</left>
									<width>530</width>
									<height>35</height>
									<font>ButtonFont2</font>
									<textcolor>ButtonFocusColor</textcolor>
									<aligny>center</aligny>
									<info>ListItem.Label</info>
								</control>
							</control>
						</focusedlayout>
					</control>
				</control>
				
				<control type="image">
					<description>Thumbnail</description>
					<left>609</left>
					<top>25</top>
					<width>300</width>
					<height>315</height>
					<info>ListItem.Thumb</info>
					<aspectratio align="center" aligny="center">keep</aspectratio>
					<visible>!String.IsEmpty(ListItem.Thumb) + !String.Contains(Control.GetLabel(416),*)</visible>
					<fadetime>IconCrossfadeTime</fadetime>
					<include>ControlsOpenCloseAnim</include>
					<animation effect="fade" time="400">VisibleChange</animation>
				</control>
				
				<control type="image">
					<description>Thumbnail</description>
					<left>609</left>
					<top>25</top>
					<width>300</width>
					<height>315</height>
					<info>ListItem.ActualIcon</info>
					<bordersize>45</bordersize>
					<aspectratio align="center" aligny="center">keep</aspectratio>
					<visible>String.IsEmpty(ListItem.Thumb) + !String.Contains(Control.GetLabel(416),*)</visible>
					<fadetime>IconCrossfadeTime</fadetime>
					<animation effect="fade" time="400">VisibleChange</animation>
					<include>ControlsOpenCloseAnim</include>
				</control>
				
				<control type="image">
					<description>Thumbnail</description>
					<left>609</left>
					<top>25</top>
					<width>300</width>
					<height>315</height>
					<texture flipx="true">$INFO[ListItem.Thumb]</texture>
					<aspectratio align="center" aligny="center">keep</aspectratio>
					<visible>!String.IsEmpty(ListItem.Thumb) + String.Contains(Control.GetLabel(416),*)</visible>
					<fadetime>IconCrossfadeTime</fadetime>
					<include>ControlsOpenCloseAnim</include>
					<animation effect="fade" time="400">VisibleChange</animation>
				</control>
				
				<control type="image">
					<description>Thumbnail</description>
					<left>609</left>
					<top>25</top>
					<width>300</width>
					<height>315</height>
					<texture flipx="true">$INFO[ListItem.ActualIcon]</texture>
					<bordersize>45</bordersize>
					<aspectratio align="center" aligny="center">keep</aspectratio>
					<visible>String.IsEmpty(ListItem.Thumb) + String.Contains(Control.GetLabel(416),*)</visible>
					<fadetime>IconCrossfadeTime</fadetime>
					<animation effect="fade" time="400">VisibleChange</animation>
					<include>ControlsOpenCloseAnim</include>
				</control>
			</control>

			<control type="grouplist" id="9001">
				<description>Dialog Button Area</description>
				<left>80</left>
				<top>407</top>
				<width>824</width>
				<itemgap>0</itemgap>
				<align>center</align>
				<orientation>horizontal</orientation>
				<onup>450</onup>
				<control type="button" id="413">
					<description>OK</description>
					<include>DialogMenuBarBtn</include>
					<label>$LOCALIZE[186]</label>
				</control>
				<control type="button" id="414">
					<description>Cancel</description>
					<include>DialogMenuBarBtn</include>
					<label>$LOCALIZE[222]</label>
				</control>
				<control type="button" id="415">
					<description>Create Folder</description>
					<include>DialogMenuBarSmallBtn</include>
					<label>$LOCALIZE[119]</label>
					<visible>Control.IsEnabled(415)</visible>
				</control>
				<control type="radiobutton" id="416">
					<description>Flip Image button</description>
					<width>180</width>
					<textwidth>170</textwidth>
					<include>DialogMenuBarBtn</include>
					<label>$LOCALIZE[749]</label>
					<visible>Control.IsEnabled(416)</visible>
				</control>
			</control>
		</control>
	</controls>
</window>