<?xml version="1.0" encoding="UTF-8"?>
<includes>
	<!--//// START LIST INFO VIEW /////////////////////////////////////////////////////////////////////-->
	<include name="VideosListInfoView">
		<control type="group" id="500">
			<defaultcontrol always="true">530</defaultcontrol>
			<visible>Control.IsVisible(530)</visible>
			<include>MediaViewOpenCloseAnim</include>
			<include>ListInfoViewContentPanel</include>
			
			<control type="group">
				<visible>!ListItem.IsParentFolder</visible>
				
				<control type="image">
					<description>Cover Case</description>
					<left>39</left>
					<top>372</top>
					<width>334</width>
					<height>215</height>
					<texture border="4">covers/cover-case2.png</texture>
					<aspectratio>stretch</aspectratio>
					<fadetime>IconCrossfadeTime</fadetime>
					<animation effect="fade" end="60" condition="true">Conditional</animation>
				</control>
				
				<control type="image">
					<description>Default Cover</description>
					<left>39</left>
					<top>372</top>
					<width>334</width>
					<height>215</height>
					<texture background="true">$INFO[ListItem.ActualIcon]</texture>
					<bordersize>40</bordersize>
					<aspectratio>keep</aspectratio>
					<fadetime>IconCrossfadeTime</fadetime>
					<visible>String.IsEmpty(ListItem.Thumb)</visible>
					<animation effect="fade" end="60" condition="true">Conditional</animation>
				</control>
				
				<control type="image">
					<description>Cover</description>
					<left>39</left>
					<top>372</top>
					<width>334</width>
					<height>215</height>
					<texture background="true">$INFO[ListItem.Thumb]</texture>
					<bordersize>4</bordersize>
					<aspectratio>keep</aspectratio>
					<fadetime>IconCrossfadeTime</fadetime>
				</control>
			
				<control type="label">
					<description>Label</description>
					<left>44</left>
					<top>341</top>
					<width>660</width>
					<font>MediaInfoFont2</font>
					<textcolor>MediaInfoItemColor2</textcolor>
					<shadowcolor>ShadowColor</shadowcolor>
					<align>center</align>
					<label>[UPPERCASE]$INFO[ListItem.Label][/UPPERCASE]</label>
					<scroll>true</scroll>
				</control>
				
				<control type="textbox">
					<description>Plot</description>
					<left>384</left>
					<top>376</top>
					<width>319</width>
					<height>208</height>
					<font>MediaInfoDescFont</font>
					<textcolor>MediaInfoColor</textcolor>
					<shadowcolor>ShadowColor</shadowcolor>
					<align>justify</align>
					<label fallback="31203">$INFO[ListItem.Plot]</label>
					<wrapmultiline>true</wrapmultiline>
					<autoscroll time="2000" delay="6000" repeat="10000">!Skin.HasSetting(DoNotAutoScrollPlot)</autoscroll>
					<visible>!Container.OnNext + !Container.OnPrevious</visible> 
					<include>ControlsOpenCloseAnim</include>
				</control>
				
				<control type="grouplist">
					<description>Media Info</description>
					<left>44</left>
					<top>585</top>
					<width>660</width>
					<align>center</align>
					<orientation>horizontal</orientation>
					<usecontrolcoords>true</usecontrolcoords>
					<control type="label">
						<description>Season</description>
						<width min="0" max="110">auto</width>
						<include>ListInfoViewCatLabel</include>
						<label>$LOCALIZE[20373]:</label>
						<visible>!String.IsEmpty(ListItem.Season)</visible>
					</control>
					<control type="label">
						<description>Season Value</description>
						<width min="0" max="110">auto</width>
						<include>ListInfoViewCatValueLabel</include>
						<label>$INFO[ListItem.Season]</label>
						<visible>!String.IsEmpty(ListItem.Season)</visible>
					</control>
					<control type="label">
						<height>45</height>
						<width>26</width>
						<align>center</align>
						<aligny>center</aligny>
						<font>MediaInfoFont</font>
						<textcolor>GreyColor3</textcolor>
						<label>&#x2022;</label>
						<visible>!String.IsEmpty(ListItem.Season)</visible>
					</control>
					<control type="label">
						<description>Episode</description>
						<width min="0" max="110">auto</width>
						<include>ListInfoViewCatLabel</include>
						<label>$LOCALIZE[20359]:</label>
						<visible>!String.IsEmpty(ListItem.Episode)</visible>
					</control>
					<control type="label">
						<description>Episode Value</description>
						<width min="0" max="110">auto</width>
						<include>ListInfoViewCatValueLabel</include>
						<label fallback="31001">$INFO[ListItem.Episode]</label>
						<visible>!String.IsEmpty(ListItem.Episode)</visible>
					</control>
					<control type="label">
						<height>45</height>
						<width>26</width>
						<align>center</align>
						<aligny>center</aligny>
						<font>MediaInfoFont</font>
						<textcolor>GreyColor3</textcolor>
						<label>&#x2022;</label>
						<visible>!String.IsEmpty(ListItem.Episode)</visible>
					</control>
					<control type="label">
						<description>First Aired</description>
						<width min="0" max="150">auto</width>
						<include>ListInfoViewCatLabel</include>
						<label>$LOCALIZE[20416]:</label>
						<visible>!String.IsEmpty(ListItem.Premiered)</visible>
					</control>
					<control type="label">
						<description>First Aired Value</description>
						<width min="0" max="150">auto</width>
						<include>ListInfoViewCatValueLabel</include>
						<label fallback="31001">$INFO[ListItem.Premiered]</label>
						<visible>!String.IsEmpty(ListItem.Premiered)</visible>
					</control>
					<control type="label">
						<height>45</height>
						<width>26</width>
						<align>center</align>
						<aligny>center</aligny>
						<font>MediaInfoFont</font>
						<textcolor>GreyColor3</textcolor>
						<label>&#x2022;</label>
						<visible>!String.IsEmpty(ListItem.Premiered)</visible>
					</control>
					<control type="label">
						<description>Year</description>
						<width min="0" max="150">auto</width>
						<include>ListInfoViewCatLabel</include>
						<label>$LOCALIZE[345]:</label>
						<visible>String.IsEmpty(ListItem.Premiered) + !String.IsEmpty(ListItem.Year)</visible>
					</control>
					<control type="label">
						<description>Year Value</description>
						<width min="0" max="150">auto</width>
						<include>ListInfoViewCatValueLabel</include>
						<label fallback="31001">$INFO[ListItem.Year]</label>
						<visible>String.IsEmpty(ListItem.Premiered) + !String.IsEmpty(ListItem.Year)</visible>
					</control>
					<control type="label">
						<height>45</height>
						<width>26</width>
						<align>center</align>
						<aligny>center</aligny>
						<font>MediaInfoFont</font>
						<textcolor>GreyColor3</textcolor>
						<label>&#x2022;</label>
						<visible>String.IsEmpty(ListItem.Premiered) + !String.IsEmpty(ListItem.Year)</visible>
					</control>
					<control type="label">
						<description>Rating</description>
						<width min="0" max="150">auto</width>
						<include>ListInfoViewCatLabel</include>
						<label>$LOCALIZE[563]:</label>
						<visible>![String.IsEmpty(ListItem.Rating) + String.IsEmpty(ListItem.UserRating)]</visible>
					</control>
					<control type="label">
						<description>Rating Value</description>
						<width min="0" max="150">auto</width>
						<include>ListInfoViewCatValueLabel</include>
						<label fallback="31001">$VAR[RatingType]</label>
						<visible>![String.IsEmpty(ListItem.Rating) + String.IsEmpty(ListItem.UserRating)]</visible>
					</control>
					<control type="label">
						<height>45</height>
						<width>26</width>
						<align>center</align>
						<aligny>center</aligny>
						<font>MediaInfoFont</font>
						<textcolor>GreyColor3</textcolor>
						<label>&#x2022;</label>
						<visible>![String.IsEmpty(ListItem.Rating) + String.IsEmpty(ListItem.UserRating)]</visible>
					</control>
					<control type="label">
						<description>Runtime</description>
						<width min="0" max="110">auto</width>
						<include>ListInfoViewCatLabel</include>
						<label>$LOCALIZE[2050]:</label>
						<visible>!String.IsEmpty(ListItem.Duration)</visible>
					</control>
					<control type="label">
						<description>Runtime Value</description>
						<width min="0" max="110">auto</width>
						<include>ListInfoViewCatValueLabel</include>
						<label fallback="31001">$VAR[DurationVar]</label>
						<visible>!String.IsEmpty(ListItem.Duration)</visible>
					</control>
				</control>
			</control>

			<control type="list" id="530">
				<viewtype label="31111">list</viewtype>
				<left>720</left>
				<top>332</top>
				<width>505</width>
				<height>296</height>
				<pagecontrol>90607</pagecontrol>
				<preloaditems>2</preloaditems>
				<scrolltime tween="sine" easing="inout">250</scrolltime>
				<onup>530</onup>
				<ondown>530</ondown>
				<onleft>850</onleft>
				<onright>150</onright>
				<visible>Container.Content(Videos)</visible>
				<itemlayout height="37">
					<control type="image">
						<width>505</width>
						<height>37</height>
						<texture border="0,0,10,2">views/list-separator.png</texture>
						<aspectratio>stretch</aspectratio>
					</control>
					<control type="image">
						<description>Icon</description>
						<left>5</left>
						<top>6</top>
						<width>24</width>
						<height>24</height>
						<texture background="true">$INFO[ListItem.ActualIcon].png</texture>
						<aspectratio>stretch</aspectratio>
						<visible>String.IsEmpty(ListItem.Thumb) | ListItem.IsFolder</visible>
						<include>ListViewOverlayFadeAnim</include>
					</control>
					<control type="label">
						<description>Label</description>
						<left>35</left>
						<width>365</width>
						<height>37</height>
						<font>ListFont</font>
						<textcolor>ListColor</textcolor>
						<shadowcolor>ShadowColor</shadowcolor>
						<aligny>center</aligny>
						<info>ListItem.Label</info>
					</control>
					<control type="label">
						<description>Label2</description>
						<left>295</left>
						<width>200</width>
						<height>37</height>
						<font>ListFont2</font>
						<textcolor>ListColor3</textcolor>
						<shadowcolor>ShadowColor</shadowcolor>
						<align>right</align>
						<aligny>center</aligny>
						<info>ListItem.Label2</info>
						<visible>Skin.HasSetting(DoNotUseStarRatingVideos)</visible>
					</control>
					<control type="group">
						<visible>!ListItem.IsParentFolder</visible>
						<control type="image">
							<description>Star Rating</description>
							<left>395</left>
							<top>10</top>
							<width>100</width>
							<height>16</height>
							<texture background="true">$VAR[StarRating]</texture>
							<aspectratio align="right">keep</aspectratio>
							<visible>!Skin.HasSetting(DoNotUseStarRatingVideos) + ![String.IsEmpty(ListItem.Rating) + String.IsEmpty(ListItem.UserRating)]</visible>
							<include>StarRatingFadeAnim</include>
						</control>
						<control type="group">
							<visible>!ListItem.IsFolder</visible>
							<include content="VideoOverlays">
								<param name="top" value="6"/>
								<param name="left" value="5"/>
							</include>
						</control>
					</control>
				</itemlayout>
				<focusedlayout height="37">
					<control type="image">
						<width>505</width>
						<height>37</height>
						<texture border="0,0,10,2">views/list-separator.png</texture>
						<aspectratio>stretch</aspectratio>
					</control>
					<control type="image">
						<width>505</width>
						<height>36</height>
						<texture border="4">views/list-focus.png</texture>
						<aspectratio>stretch</aspectratio>
						<visible>Control.HasFocus(530)</visible>
						<include>ListViewSelectFadeAnim</include>
						<include condition="![Skin.String(LowCPUPowerMode,Animations) | Skin.String(LowCPUPowerMode,Full)]">ListViewScrollAnim</include>
					</control>
					<control type="image">
						<width>505</width>
						<height>36</height>
						<texture border="4">views/list-alt-focus.png</texture>
						<aspectratio>stretch</aspectratio>
						<visible>!Control.HasFocus(530)</visible>
						<include>ListViewSelectFadeAnim2</include>
					</control>
					<control type="group">
						<include>ListViewFocusAnim</include>
						<control type="image">
							<description>Icon</description>
							<left>5</left>
							<top>6</top>
							<width>24</width>
							<height>24</height>
							<texture background="true">$INFO[ListItem.ActualIcon].png</texture>
							<aspectratio>stretch</aspectratio>
							<visible>String.IsEmpty(ListItem.Thumb) | ListItem.IsFolder</visible>
						</control>
						<control type="label">
							<description>Label</description>
							<left>35</left>
							<width>365</width>
							<height>37</height>
							<font>ListFont</font>
							<textcolor>SelectedColor</textcolor>
							<shadowcolor>ShadowColor</shadowcolor>
							<aligny>center</aligny>
							<info>ListItem.Label</info>
							<scroll>true</scroll>
						</control>
						<control type="label">
							<description>Label2</description>
							<left>295</left>
							<width>200</width>
							<height>37</height>
							<font>ListFont2</font>
							<textcolor>ListColor3</textcolor>
							<shadowcolor>ShadowColor</shadowcolor>
							<align>right</align>
							<aligny>center</aligny>
							<info>ListItem.Label2</info>
							<visible>Skin.HasSetting(DoNotUseStarRatingVideos)</visible>
						</control> 
						<control type="group">
							<visible>!ListItem.IsParentFolder</visible>
							<control type="image">
								<description>Star Rating</description>
								<left>395</left>
								<top>10</top>
								<width>100</width>
								<height>16</height>
								<texture background="true">$VAR[StarRating]</texture>
								<aspectratio align="right">keep</aspectratio>
								<visible>!Skin.HasSetting(DoNotUseStarRatingVideos) + ![String.IsEmpty(ListItem.Rating) + String.IsEmpty(ListItem.UserRating)]</visible>
								<include>StarRatingFadeAnim</include>
							</control>
							<control type="group">
								<visible>!ListItem.IsFolder</visible>
								<include content="VideoOverlays2">
									<param name="top" value="6"/>
									<param name="left" value="5"/>
								</include>
							</control>
						</control>
					</control>
				</focusedlayout>
			</control>
			
			<include content="ListInfoViewScrollbar">
				<param name="id" value="90607" />
			</include>
			
			<control type="group">
				<description>Bottom Bar Area</description>
				<top>BottomPaneOffsetY</top>
				<!--<include>InfoPaneImage</include>-->
				<include>InfoPaneMediaDetails</include>
				<include>BottomPaneOpenCloseAnim</include>
			</control>
			
			<include>ViewsDialogPopUpScreenDim</include>
		</control>
	</include>
	<!--//// END LIST INFO VIEW ///////////////////////////////////////////////////////////////////////-->

	<!--//// START LIST INFO 2 VIEW ///////////////////////////////////////////////////////////////////-->
	<include name="VideosListInfoView2">
		<control type="group" id="500">
	        <defaultcontrol always="true">531</defaultcontrol>
			<visible>Control.IsVisible(531)</visible>
			<include>MediaViewOpenCloseAnim</include>
			<include>ViewContentPanel</include>
			<include>ListInfo2MediaInfoPanelCommon</include>
			
			<control type="group">
				<visible>!ListItem.IsParentFolder</visible>
				<include condition="!Skin.HasSetting(ShowVideosDefaultThumb)">ListInfo2PanelFanart</include>
				<include condition="Skin.HasSetting(ShowVideosDefaultThumb)">ListInfo2PanelLandscape</include>
				
				<control type="group">
					<left>38</left>
					<top>430</top>
					
					<control type="grouplist">
						<left>10</left>
						<orientation>horizontal</orientation>
						<control type="label">
							<width min="0" max="150">auto</width>
							<font>MediaInfoFont</font>
							<textcolor>MediaInfoItemColor</textcolor>
							<shadowcolor>ShadowColor</shadowcolor>
							<label>$LOCALIZE[20416]:</label>
							<visible>!String.IsEmpty(ListItem.Premiered)</visible>
						</control>
						<control type="label">
							<width min="0" max="150">auto</width>
							<font>MediaInfoFont</font>
							<textcolor>MediaInfoItemColor2</textcolor>
							<shadowcolor>ShadowColor</shadowcolor>
							<label>$INFO[ListItem.Premiered]</label>
							<visible>!String.IsEmpty(ListItem.Premiered)</visible>
						</control>
						<control type="label">
							<width min="0" max="150">auto</width>
							<font>MediaInfoFont</font>
							<textcolor>MediaInfoItemColor</textcolor>
							<shadowcolor>ShadowColor</shadowcolor>
							<label>$LOCALIZE[345]:</label>
							<visible>String.IsEmpty(ListItem.Premiered) + !String.IsEmpty(ListItem.Year)</visible>
						</control>
						<control type="label">
							<width min="0" max="150">auto</width>
							<font>MediaInfoFont</font>
							<textcolor>MediaInfoItemColor2</textcolor>
							<shadowcolor>ShadowColor</shadowcolor>
							<label>$INFO[ListItem.Year]</label>
							<visible>String.IsEmpty(ListItem.Premiered) + !String.IsEmpty(ListItem.Year)</visible>
						</control>
					</control>
					
					<control type="grouplist">
						<visible>!String.IsEmpty(ListItem.Duration)</visible>
						<left>10</left>
						<top>23</top>
						<orientation>horizontal</orientation>
						<control type="label">
							<width min="0" max="150">auto</width>
							<font>MediaInfoFont</font>
							<textcolor>MediaInfoItemColor</textcolor>
							<shadowcolor>ShadowColor</shadowcolor>
							<label>$LOCALIZE[2050]:</label>
						</control>
						<control type="label">
							<width min="0" max="200">auto</width>
							<font>MediaInfoFont</font>
							<textcolor>MediaInfoItemColor2</textcolor>
							<shadowcolor>ShadowColor</shadowcolor>
							<label>$VAR[LongDurationVar]</label>
						</control>
					</control>
					
					<control type="grouplist">
						<left>406</left>
						<width>130</width>
						<orientation>horizontal</orientation>
						<align>right</align>
						<control type="label">
							<width min="0" max="150">auto</width>
							<font>MediaInfoFont</font>
							<textcolor>MediaInfoItemColor</textcolor>
							<shadowcolor>ShadowColor</shadowcolor>
							<label>$LOCALIZE[20373]:</label>
							<visible>!String.IsEmpty(ListItem.Season)</visible>
						</control>
						<control type="label">
							<width min="0" max="150">auto</width>
							<font>MediaInfoFont</font>
							<textcolor>MediaInfoItemColor2</textcolor>
							<shadowcolor>ShadowColor</shadowcolor>
							<label>$INFO[ListItem.Season]</label>
							<visible>!String.IsEmpty(ListItem.Season)</visible>
						</control>
						<control type="label">
							<width min="0" max="150">auto</width>
							<font>MediaInfoFont</font>
							<textcolor>MediaInfoItemColor</textcolor>
							<shadowcolor>ShadowColor</shadowcolor>
							<label>$LOCALIZE[563]:</label>
							<visible>String.IsEmpty(ListItem.Season) + ![String.IsEmpty(ListItem.Rating) + String.IsEmpty(ListItem.UserRating)]</visible>
						</control>
						<control type="label">
							<width min="0" max="150">auto</width>
							<font>MediaInfoFont</font>
							<textcolor>MediaInfoItemColor2</textcolor>
							<shadowcolor>ShadowColor</shadowcolor>
							<label>$VAR[RatingType]</label>
							<visible>String.IsEmpty(ListItem.Season) + ![String.IsEmpty(ListItem.Rating) + String.IsEmpty(ListItem.UserRating)]</visible>
						</control>
					</control>
					
					<control type="grouplist">
						<visible>!String.IsEmpty(ListItem.Episode)</visible>
						<left>406</left>
						<top>23</top>
						<width>130</width>
						<orientation>horizontal</orientation>
						<align>right</align>
						<control type="label">
							<width min="0" max="150">auto</width>
							<font>MediaInfoFont</font>
							<textcolor>MediaInfoItemColor</textcolor>
							<shadowcolor>ShadowColor</shadowcolor>
							<label>$LOCALIZE[20359]:</label>
						</control>
						<control type="label">
							<width min="0" max="150">auto</width>
							<font>MediaInfoFont</font>
							<textcolor>MediaInfoItemColor2</textcolor>
							<shadowcolor>ShadowColor</shadowcolor>
							<label>$INFO[ListItem.Episode]</label>
						</control>
					</control>
				</control>
				
				<include content="ListInfo2Plot">
					<param name="fallback" value="31203" />
					<param name="label" value="$INFO[ListItem.Plot]" />
					<param name="visible" value="!Container.OnNext + !Container.OnPrevious" />
				</include>
			</control>
			
			<control type="list" id="531">
				<viewtype label="31112">list</viewtype>
				<left>595</left>
				<top>110</top>
				<width>630</width>
				<height>518</height>
				<pagecontrol>90709</pagecontrol>
				<preloaditems>2</preloaditems>
				<scrolltime tween="sine" easing="inout">300</scrolltime>
				<onup>531</onup>
				<ondown>531</ondown>
				<onleft>850</onleft>
				<onright>150</onright>
				<visible>Container.Content(Videos)</visible>
				<include condition="Skin.String(VideosListInfo2Style,1) | Skin.String(VideosListInfo2Style,3)">VideosListInfo2ItemLayout</include>
				<include condition="String.IsEmpty(Skin.String(VideosListInfo2Style)) | Skin.String(VideosListInfo2Style,2)">VideosListInfo2TallStyleItemLayout</include>
				<include condition="Skin.String(VideosListInfo2Style,1)">VideosListInfo2FocusedLayout</include>
				<include condition="String.IsEmpty(Skin.String(VideosListInfo2Style)) | Skin.String(VideosListInfo2Style,2) | Skin.String(VideosListInfo2Style,3)">VideosListInfo2TallStyleFocusedLayout</include>
			</control>
			
			<include content="ListInfo2ViewScrollbar">
					<param name="id" value="90709" />
				</include>
			
			<control type="group">
				<description>Bottom Bar Area</description>
				<top>BottomPaneOffsetY</top>
				<!--<include>InfoPaneImage</include>-->
				<include>InfoPaneMediaDetails</include>
				<include condition="!Skin.HasSetting(DisableTVShowsLogo)">InfoPaneClearLogo</include>
				<include>BottomPaneOpenCloseAnim</include>
			</control>

			<include>ViewsDialogPopUpScreenDim</include>
		</control>
	</include>
	
	<include name="VideosListInfo2ItemLayout">
		<itemlayout height="37">
			<control type="image">
				<width>630</width>
				<height>37</height>
				<texture border="0,0,10,2">views/list-separator.png</texture>
				<aspectratio>stretch</aspectratio>
			</control>
			<control type="image">
				<description>Icon</description>
				<left>5</left>
				<top>6</top>
				<width>24</width>
				<height>24</height>
				<texture background="true">$INFO[ListItem.ActualIcon].png</texture>
				<aspectratio>keep</aspectratio>
				<visible>String.IsEmpty(ListItem.Thumb) | ListItem.IsFolder</visible>
				<include>ListViewOverlayFadeAnim</include>
			</control>
			<control type="label">
				<description>Label</description>
				<left>35</left>
				<width>490</width>
				<height>37</height>
				<font>ListFont</font>
				<textcolor>ListColor</textcolor>
				<shadowcolor>ShadowColor</shadowcolor>
				<aligny>center</aligny>
				<info>ListItem.Label</info>
			</control>
			<control type="label">
				<description>Label2</description>
				<left>420</left>
				<width>200</width>
				<height>37</height>
				<font>ListFont2</font>
				<textcolor>ListColor3</textcolor>
				<shadowcolor>ShadowColor</shadowcolor>
				<align>right</align>
				<aligny>center</aligny>
				<info>ListItem.Label2</info>
				<visible>Skin.HasSetting(DoNotUseStarRatingVideos)</visible>
			</control>
			<control type="group">
				<visible>!ListItem.IsParentFolder</visible>
				<control type="image">
					<description>Star Rating</description>
					<left>520</left>
					<top>10</top>
					<width>100</width>
					<height>16</height>
					<texture background="true">$VAR[StarRating]</texture>
					<aspectratio align="right">keep</aspectratio>
					<visible>!Skin.HasSetting(DoNotUseStarRatingVideos) + ![String.IsEmpty(ListItem.Rating) + String.IsEmpty(ListItem.UserRating)]</visible>
					<include>StarRatingFadeAnim</include>
				</control>
				<control type="group">
					<visible>!ListItem.IsFolder</visible>
					<include content="VideoOverlays">
						<param name="top" value="6"/>
						<param name="left" value="5"/>
					</include>
				</control>
			</control>
		</itemlayout>
	</include>
	
	<include name="VideosListInfo2FocusedLayout">
		<focusedlayout height="37">
			<control type="image">
				<width>630</width>
				<height>37</height>
				<texture border="0,0,10,2">views/list-separator.png</texture>
				<aspectratio>stretch</aspectratio>
			</control>
			<control type="image">
				<width>630</width>
				<height>36</height>
				<texture border="4">views/list-focus.png</texture>
				<aspectratio>stretch</aspectratio>
				<visible>Control.HasFocus(531)</visible>
				<include>ListViewSelectFadeAnim</include>
				<include condition="![Skin.String(LowCPUPowerMode,Animations) | Skin.String(LowCPUPowerMode,Full)]">ListViewScrollAnim</include>
			</control>
			<control type="image">
				<width>630</width>
				<height>36</height>
				<texture border="4">views/list-alt-focus.png</texture>
				<aspectratio>stretch</aspectratio>
				<visible>!Control.HasFocus(531)</visible>
				<include>ListViewSelectFadeAnim2</include>
			</control>
			<control type="group">
				<include>ListViewFocusAnim</include>
				<control type="image">
					<description>Icon</description>
					<left>5</left>
					<top>6</top>
					<width>24</width>
					<height>24</height>
					<texture background="true">$INFO[ListItem.ActualIcon].png</texture>
					<aspectratio>keep</aspectratio>
					<visible>String.IsEmpty(ListItem.Thumb) | ListItem.IsFolder</visible>
				</control>
				<control type="label">
					<description>Label</description>
					<left>35</left>
					<width>490</width>
					<height>37</height>
					<font>ListFont</font>
					<textcolor>SelectedColor</textcolor>
					<shadowcolor>ShadowColor</shadowcolor>
					<aligny>center</aligny>
					<info>ListItem.Label</info>
					<scroll>true</scroll>
				</control>
				<control type="label">
					<description>Label2</description>
					<left>420</left>
					<width>200</width>
					<height>37</height>
					<font>ListFont2</font>
					<textcolor>ListColor3</textcolor>
					<shadowcolor>ShadowColor</shadowcolor>
					<align>right</align>
					<aligny>center</aligny>
					<info>ListItem.Label2</info>
					<visible>Skin.HasSetting(DoNotUseStarRatingVideos)</visible>
				</control>
				<control type="group">
					<visible>!ListItem.IsParentFolder</visible>
					<control type="image">
						<description>Star Rating</description>
						<left>520</left>
						<top>10</top>
						<width>100</width>
						<height>16</height>
						<texture background="true">$VAR[StarRating]</texture>
						<aspectratio align="right">keep</aspectratio>
						<visible>!Skin.HasSetting(DoNotUseStarRatingVideos) + ![String.IsEmpty(ListItem.Rating) + String.IsEmpty(ListItem.UserRating)]</visible>
						<include>StarRatingFadeAnim</include>
					</control>
					<control type="group">
						<visible>!ListItem.IsFolder</visible>
						<include content="VideoOverlays2">
							<param name="top" value="6"/>
							<param name="left" value="5"/>
						</include>
					</control>
				</control>
			</control>
		</focusedlayout>
	</include>
	
	<include name="VideosListInfo2TallStyleItemLayout">
		<itemlayout height="74">
			<control type="image">
				<width>630</width>
				<height>74</height>
				<texture border="0,0,10,2">views/list-separator.png</texture>
				<aspectratio>stretch</aspectratio>
			</control>
			<control type="image">
				<description>Cover</description>
				<top>4</top>
				<width>97</width>
				<height>65</height>
				<bordertexture border="7">covers/cover-case-nofocus.png</bordertexture>
				<bordersize>5</bordersize>
				<texture background="true">$INFO[ListItem.Thumb]</texture>
				<aspectratio>scale</aspectratio>
			</control>
			<control type="image">
				<description>Dim</description>
				<top>4</top>
				<width>97</width>
				<height>65</height>
				<bordersize>5</bordersize>
				<texture background="true">dim.png</texture>
				<aspectratio>stretch</aspectratio>
				<visible>!String.IsEmpty(ListItem.Thumb)</visible>
				<include>CoverDimAnim</include>
			</control>
			<control type="image">
				<description>Default Cover</description>
				<top>4</top>
				<width>97</width>
				<height>65</height>
				<bordersize>5</bordersize>
				<texture background="true">$INFO[ListItem.ActualIcon]</texture>
				<aspectratio>keep</aspectratio>
				<visible>String.IsEmpty(ListItem.Thumb)</visible>
				<animation effect="fade" end="40" condition="true">Conditional</animation>
			</control>
			<control type="label">
				<description>Label</description>
				<left>104</left>
				<top>12</top>
				<width>411</width>
				<font>ListFont</font>
				<textcolor>ListColor</textcolor>
				<shadowcolor>ShadowColor</shadowcolor>
				<label>$INFO[ListItem.Label]</label>
			</control>
			<control type="label">
				<description>Label2</description>
				<left>104</left>
				<top>38</top>
				<width>411</width>
				<font>ListFont2</font>
				<textcolor>ListColor2</textcolor>
				<shadowcolor>ShadowColor</shadowcolor>
				<label>$INFO[ListItem.Label2]</label>
			</control>
			<control type="group">
				<visible>!ListItem.IsParentFolder</visible>
				<control type="label">
					<description>Rating</description>
					<left>520</left>
					<top>12</top>
					<width>100</width>
					<font>ListFont</font>
					<textcolor>ListColor3</textcolor>
					<shadowcolor>ShadowColor</shadowcolor>
					<label>$VAR[RatingType]</label>
					<align>right</align>
					<visible>Skin.HasSetting(DoNotUseStarRatingVideos) + ![String.IsEmpty(ListItem.Rating) + String.IsEmpty(ListItem.UserRating)]</visible>
				</control>
				<control type="image">
					<description>Star Rating</description>
					<left>520</left>
					<top>16</top>
					<width>100</width>
					<height>16</height>
					<texture background="true">$VAR[StarRating]</texture>
					<aspectratio align="right">keep</aspectratio>
					<visible>!Skin.HasSetting(DoNotUseStarRatingVideos) + ![String.IsEmpty(ListItem.Rating) + String.IsEmpty(ListItem.UserRating)]</visible>
					<include>StarRatingFadeAnim</include>
				</control>
				<control type="group">
					<visible>!Skin.HasSetting(HideVideosListInfo2Overlay) + !ListItem.IsFolder</visible>
					<include content="VideoOverlays">
						<param name="top" value="39"/>
						<param name="left" value="596"/>
					</include>
				</control>
			</control>
		</itemlayout>
	</include>
	
	<include name="VideosListInfo2TallStyleFocusedLayout">
		<focusedlayout height="74">
			<control type="image">
				<width>630</width>
				<height>74</height>
				<texture border="0,0,10,2">views/list-separator.png</texture>
				<aspectratio>stretch</aspectratio>
			</control>
			<control type="image">
				<width>630</width>
				<height>73</height>
				<texture border="4">views/list-focus.png</texture>
				<aspectratio>stretch</aspectratio>
				<visible>Control.HasFocus(531)</visible>
				<include>ListViewSelectFadeAnim</include>
				<include condition="![Skin.String(LowCPUPowerMode,Animations) | Skin.String(LowCPUPowerMode,Full)] + ![String.IsEmpty(Skin.String(VideosListInfo2Style)) | Skin.String(VideosListInfo2Style,3)]">ListViewScrollAnim2</include>
				<include condition="![Skin.String(LowCPUPowerMode,Animations) | Skin.String(LowCPUPowerMode,Full)] + [String.IsEmpty(Skin.String(VideosListInfo2Style)) | Skin.String(VideosListInfo2Style,3)]">ListViewScrollAnim</include>
			</control>
			<control type="image">
				<width>630</width>
				<height>73</height>
				<texture border="4">views/list-alt-focus.png</texture>
				<aspectratio>stretch</aspectratio>
				<visible>!Control.HasFocus(531)</visible>
				<include>ListViewSelectFadeAnim2</include>
			</control>
			<control type="image">
				<description>Cover</description>
				<top>4</top>
				<width>97</width>
				<height>65</height>
				<bordertexture border="7">covers/cover-case-nofocus.png</bordertexture>
				<bordersize>5</bordersize>
				<texture background="true">$INFO[ListItem.Thumb]</texture>
				<aspectratio>scale</aspectratio>
				<include condition="![Skin.String(LowCPUPowerMode,Animations) | Skin.String(LowCPUPowerMode,Full)]">ListViewCoverFocusAnim</include>
			</control>
			<control type="image">
				<description>Default Cover</description>
				<top>4</top>
				<width>97</width>
				<height>65</height>
				<bordersize>5</bordersize>
				<texture background="true">$INFO[ListItem.ActualIcon]</texture>
				<aspectratio>keep</aspectratio>
				<visible>String.IsEmpty(ListItem.Thumb)</visible>
				<include condition="![Skin.String(LowCPUPowerMode,Animations) | Skin.String(LowCPUPowerMode,Full)]">ListViewCoverFocusAnim</include>
			</control>
			<control type="group">
				<include>ListViewFocusAnim</include>
				<control type="label">
					<description>Label</description>
					<left>104</left>
					<top>12</top>
					<width>411</width>
					<font>ListFont</font>
					<textcolor>SelectedColor</textcolor>
					<shadowcolor>ShadowColor</shadowcolor>
					<label>$INFO[ListItem.Label]</label>
					<scroll>true</scroll>
				</control>
				<control type="label">
					<description>Label2</description>
					<left>104</left>
					<top>38</top>
					<width>411</width>
					<font>ListFont2</font>
					<textcolor>ListColor2</textcolor>
					<shadowcolor>ShadowColor</shadowcolor>
					<label>$INFO[ListItem.Label2]</label>
				</control>
				<control type="group">
					<visible>!ListItem.IsParentFolder</visible>
					<control type="label">
						<description>Rating</description>
						<left>520</left>
						<top>12</top>
						<width>100</width>
						<font>ListFont</font>
						<textcolor>ListColor3</textcolor>
						<shadowcolor>ShadowColor</shadowcolor>
						<label>$VAR[RatingType]</label>
						<align>right</align>
						<visible>Skin.HasSetting(DoNotUseStarRatingVideos) + ![String.IsEmpty(ListItem.Rating) + String.IsEmpty(ListItem.UserRating)]</visible>
					</control>
					<control type="image">
						<description>Star Rating</description>
						<left>520</left>
						<top>16</top>
						<width>100</width>
						<height>16</height>
						<texture background="true">$VAR[StarRating]</texture>
						<aspectratio align="right">keep</aspectratio>
						<visible>!Skin.HasSetting(DoNotUseStarRatingVideos) + ![String.IsEmpty(ListItem.Rating) + String.IsEmpty(ListItem.UserRating)]</visible>
						<include>StarRatingFadeAnim</include>
					</control>
					<control type="group">
						<visible>!Skin.HasSetting(HideVideosListInfo2Overlay) + !ListItem.IsFolder</visible>
						<include content="VideoOverlays2">
							<param name="top" value="39"/>
							<param name="left" value="596"/>
						</include>
					</control>
				</control>
			</control>
		</focusedlayout>
	</include>
	<!--//// END LIST INFO 2 VIEW /////////////////////////////////////////////////////////////////////-->

	<!--//// START THUMBS INFO VIEW ///////////////////////////////////////////////////////////////////-->
	<include name="VideosThumbsInfoView">
		<control type="group" id="500">
	        <defaultcontrol always="true">532</defaultcontrol>
			<visible>Control.IsVisible(532)</visible>
			<include>MediaViewOpenCloseAnim</include>
			<include>ViewContentPanel</include>
			<include>ListInfo3MediaInfoPanelCommon</include>

			<control type="group">
				<visible>!ListItem.IsParentFolder</visible>
				<include condition="!Skin.HasSetting(ShowVideosDefaultThumb)">ListInfo3PanelFanart</include>
				<include condition="Skin.HasSetting(ShowVideosDefaultThumb)">ListInfo3PanelLandscape</include>
				
				<control type="group">
					<left>38</left>
					<top>354</top>

					<control type="grouplist">
						<left>10</left>
						<width>400</width>
						<orientation>horizontal</orientation>
						<control type="label">
							<width min="0" max="110">auto</width>
							<font>MediaInfoFont</font>
							<textcolor>MediaInfoItemColor</textcolor>
							<shadowcolor>ShadowColor</shadowcolor>
							<label>$LOCALIZE[20416]:</label>
							<visible>!String.IsEmpty(ListItem.Premiered)</visible>
						</control>
						<control type="label">
							<width min="0" max="110">auto</width>
							<font>MediaInfoFont</font>
							<textcolor>MediaInfoItemColor2</textcolor>
							<shadowcolor>ShadowColor</shadowcolor>
							<label>$INFO[ListItem.Premiered]</label>
							<visible>!String.IsEmpty(ListItem.Premiered)</visible>
						</control>
						<control type="label">
							<width min="0" max="110">auto</width>
							<font>MediaInfoFont</font>
							<textcolor>MediaInfoItemColor</textcolor>
							<shadowcolor>ShadowColor</shadowcolor>
							<label>$LOCALIZE[345]:</label>
							<visible>String.IsEmpty(ListItem.Premiered) + !String.IsEmpty(ListItem.Year)</visible>
						</control>
						<control type="label">
							<width min="0" max="110">auto</width>
							<font>MediaInfoFont</font>
							<textcolor>MediaInfoItemColor2</textcolor>
							<shadowcolor>ShadowColor</shadowcolor>
							<label>$INFO[ListItem.Year]</label>
							<visible>String.IsEmpty(ListItem.Premiered) + !String.IsEmpty(ListItem.Year)</visible>
						</control>
					</control>
					
					<control type="grouplist">
						<visible>!String.IsEmpty(ListItem.Duration)</visible>
						<left>10</left>
						<top>22</top>
						<width>400</width>
						<orientation>horizontal</orientation>
						<control type="label">
							<width min="0" max="110">auto</width>
							<font>MediaInfoFont</font>
							<textcolor>MediaInfoItemColor</textcolor>
							<shadowcolor>ShadowColor</shadowcolor>
							<label>$LOCALIZE[2050]:</label>
						</control>
						<control type="label">
							<width min="0" max="110">auto</width>
							<font>MediaInfoFont</font>
							<textcolor>MediaInfoItemColor2</textcolor>
							<shadowcolor>ShadowColor</shadowcolor>
							<label>$VAR[DurationVar]</label>
						</control>
					</control>
					
					<control type="grouplist">
						<left>268</left>
						<width>130</width>
						<orientation>horizontal</orientation>
						<align>right</align>
						<control type="label">
							<width min="0" max="110">auto</width>
							<font>MediaInfoFont</font>
							<textcolor>MediaInfoItemColor</textcolor>
							<shadowcolor>ShadowColor</shadowcolor>
							<label>$LOCALIZE[20373]:</label>
							<visible>!String.IsEmpty(ListItem.Season)</visible>
						</control>
						<control type="label">
							<width min="0" max="110">auto</width>
							<font>MediaInfoFont</font>
							<textcolor>MediaInfoItemColor2</textcolor>
							<shadowcolor>ShadowColor</shadowcolor>
							<label>$INFO[ListItem.Season]</label>
							<visible>!String.IsEmpty(ListItem.Season)</visible>
						</control>
						<control type="label">
							<width min="0" max="110">auto</width>
							<font>MediaInfoFont</font>
							<textcolor>MediaInfoItemColor</textcolor>
							<shadowcolor>ShadowColor</shadowcolor>
							<label>$LOCALIZE[563]:</label>
							<visible>String.IsEmpty(ListItem.Season) + ![String.IsEmpty(ListItem.Rating) + String.IsEmpty(ListItem.UserRating)]</visible>
						</control>
						<control type="label">
							<width min="0" max="110">auto</width>
							<font>MediaInfoFont</font>
							<textcolor>MediaInfoItemColor2</textcolor>
							<shadowcolor>ShadowColor</shadowcolor>
							<label>$VAR[RatingType]</label>
							<visible>String.IsEmpty(ListItem.Season) + ![String.IsEmpty(ListItem.Rating) + String.IsEmpty(ListItem.UserRating)]</visible>
						</control>
					</control>
					
					<control type="grouplist">
						<visible>!String.IsEmpty(ListItem.Episode)</visible>
						<left>268</left>
						<top>22</top>
						<width>130</width>
						<orientation>horizontal</orientation>
						<align>right</align>
						<control type="label">
							<width min="0" max="150">auto</width>
							<font>MediaInfoFont</font>
							<textcolor>MediaInfoItemColor</textcolor>
							<shadowcolor>ShadowColor</shadowcolor>
							<label>$LOCALIZE[20359]:</label>
						</control>
						<control type="label">
							<width min="0" max="150">auto</width>
							<font>MediaInfoFont</font>
							<textcolor>MediaInfoItemColor2</textcolor>
							<shadowcolor>ShadowColor</shadowcolor>
							<label>$INFO[ListItem.Episode]</label>
						</control>
					</control>
				</control>
				
				<include content="ThumbsInfoPlot">
					<param name="fallback" value="31203" />
					<param name="label" value="$INFO[ListItem.Plot]" />
				</include>
			</control>
			
			<control type="panel" id="532">
				<viewtype label="31116">icon</viewtype>
				<left>450</left>
				<top>111</top>
				<width>776</width>
				<height>514</height>
				<pagecontrol>90906</pagecontrol>
				<orientation>vertical</orientation>
				<preloaditems>2</preloaditems>
				<scrolltime tween="sine" easing="inout">350</scrolltime>
				<onleft>850</onleft>
				<onright>150</onright>
				<onup>532</onup>
				<ondown>532</ondown>
				<visible>Container.Content(Videos)</visible>
				<itemlayout width="258" height="171">
					<control type="group">
						<top>-2</top>
						<control type="image">
							<description>Default Cover Case</description>
							<width>266</width>
							<height>178</height>
							<texture background="true" border="4">covers/cover-case2.png</texture>
							<aspectratio>stretch</aspectratio>
							<bordersize>6</bordersize>
							<animation effect="fade" end="50" condition="true">Conditional</animation>
						</control>
						<control type="image">
							<description>Default Cover</description>
							<width>266</width>
							<height>178</height>
							<bordersize>12</bordersize>
							<texture background="true">$INFO[ListItem.ActualIcon]</texture>
							<aspectratio>keep</aspectratio>
							<visible>String.IsEmpty(ListItem.Thumb)</visible>
							<animation effect="fade" end="60" condition="true">Conditional</animation>
						</control>
						<control type="image">
							<description>Cover</description>
							<width>266</width>
							<height>178</height>
							<texture background="true">$INFO[ListItem.Thumb]</texture>
							<aspectratio>keep</aspectratio>
							<bordersize>10</bordersize>
							<visible>!String.IsEmpty(ListItem.Thumb)</visible>
						</control>
						<control type="image">
							<description>Dim</description>
							<width>266</width>
							<height>178</height>
							<texture background="true">dim.png</texture>
							<aspectratio>stretch</aspectratio>
							<bordersize>10</bordersize>
							<include>CoverDimAnim</include>
						</control>
						<control type="image">
							<description>Overlay</description>
							<left>226</left>
							<top>139</top>
							<width>24</width>
							<height>24</height>
							<texture background="true">$INFO[ListItem.Overlay]</texture>
							<aspectratio>keep</aspectratio>
							<visible>!Skin.HasSetting(HideVideosThumbsInfoOverlay)</visible>
						</control>
						<control type="image">
							<description>Watched Partial</description>
							<left>226</left>
							<top>139</top>
							<width>24</width>
							<height>24</height>
							<texture background="true">$VAR[WatchedPartial]</texture>
							<aspectratio>keep</aspectratio>
							<visible>ListItem.IsResumable + !String.IsEqual(ListItem.Overlay,OverlayWatched.png) + !Skin.HasSetting(HideVideosThumbsInfoOverlay)</visible>
						</control>
					</control>
				</itemlayout>
				<focusedlayout width="258" height="171" condition="Container.Column(0) + Container.Row(0)">
					<control type="group">
						<description>Top Left Corner Cover</description>
						<top>-2</top>
						<include>VideosThumbsStyleCoverImage</include>
						<include>VideosThumbsStyleOverlayImage</include>
						<include condition="![Skin.String(LowCPUPowerMode,Animations) | Skin.String(LowCPUPowerMode,Full)]">VideosThumbsStyleTopLeftCornerFocusAnim</include>
					</control>
				</focusedlayout>
				<focusedlayout width="258" height="171" condition="Container.Column(1) + Container.Row(0)">
					<control type="group">
						<description>Top Edge Cover</description>
						<top>-2</top>
						<include>VideosThumbsStyleCoverImage</include>
						<include>VideosThumbsStyleOverlayImage</include>
						<include condition="![Skin.String(LowCPUPowerMode,Animations) | Skin.String(LowCPUPowerMode,Full)]">DVDThumbsStyleTopEdgeFocusAnim</include>
					</control>
				</focusedlayout>
				<focusedlayout width="258" height="171" condition="Container.Column(2) + Container.Row(0)">
					<control type="group">
						<description>Top Right Corner Cover</description>
						<top>-2</top>
						<include>VideosThumbsStyleCoverImage</include>
						<include>VideosThumbsStyleOverlayImage</include>
						<include condition="![Skin.String(LowCPUPowerMode,Animations) | Skin.String(LowCPUPowerMode,Full)]">VideosThumbsStyleTopRightCornerFocusAnim</include>
					</control>
				</focusedlayout>
				<focusedlayout width="258" height="171" condition="Container.Column(0) + Container.Row(1)">
					<control type="group">
						<description>Left Edge Cover</description>
						<top>-2</top>
						<include>VideosThumbsStyleCoverImage</include>
						<include>VideosThumbsStyleOverlayImage</include>
						<include condition="![Skin.String(LowCPUPowerMode,Animations) | Skin.String(LowCPUPowerMode,Full)]">VideosThumbsStyleLeftEdgeFocusAnim</include>
					</control>
				</focusedlayout>
				<focusedlayout width="258" height="171" condition="Container.Column(1) + Container.Row(1)">
					<control type="group">
						<description>Mid Row Cover</description>
						<top>-2</top>
						<include>VideosThumbsStyleCoverImage</include>
						<include>VideosThumbsStyleOverlayImage</include>
						<include condition="![Skin.String(LowCPUPowerMode,Animations) | Skin.String(LowCPUPowerMode,Full)]">DVDThumbsStyleMidRowFocusAnim</include>
					</control>
				</focusedlayout>
				<focusedlayout width="258" height="171" condition="Container.Column(2) + Container.Row(1)">
					<control type="group">
						<description>Right Edge Cover</description>
						<top>-2</top>
						<include>VideosThumbsStyleCoverImage</include>
						<include>VideosThumbsStyleOverlayImage</include>
						<include condition="![Skin.String(LowCPUPowerMode,Animations) | Skin.String(LowCPUPowerMode,Full)]">VideosThumbsStyleRightEdgeFocusAnim</include>
					</control>
				</focusedlayout>
				<focusedlayout width="258" height="171" condition="Container.Column(0) + Container.Row(2)">
					<control type="group">
						<description>Bottom Left Corner Cover</description>
						<top>-2</top>
						<include>VideosThumbsStyleCoverImage</include>
						<include>VideosThumbsStyleOverlayImage</include>
						<include condition="![Skin.String(LowCPUPowerMode,Animations) | Skin.String(LowCPUPowerMode,Full)]">VideosThumbsStyleBottomLeftCornerFocusAnim</include>
					</control>
				</focusedlayout>
				<focusedlayout width="258" height="171" condition="Container.Column(1) + Container.Row(2)">
					<control type="group">
						<description>Bottom Edge Cover</description>
						<top>-2</top>
						<include>VideosThumbsStyleCoverImage</include>
						<include>VideosThumbsStyleOverlayImage</include>
						<include condition="![Skin.String(LowCPUPowerMode,Animations) | Skin.String(LowCPUPowerMode,Full)]">DVDThumbsStyleBottomEdgeFocusAnim</include>
					</control>
				</focusedlayout>
				<focusedlayout width="258" height="171" condition="Container.Column(2) + Container.Row(2)">
					<control type="group">
						<description>Bottom Right Corner Cover</description>
						<top>-2</top>
						<include>VideosThumbsStyleCoverImage</include>
						<include>VideosThumbsStyleOverlayImage</include>
						<include condition="![Skin.String(LowCPUPowerMode,Animations) | Skin.String(LowCPUPowerMode,Full)]">VideosThumbsStyleBottomRightCornerFocusAnim</include>
					</control>
				</focusedlayout>
			</control>
			
			<include content="ThumbsInfoViewScrollbar">
				<param name="id" value="90906" />
			</include>
			
			<control type="group">
				<description>Bottom Bar Area</description>
				<top>BottomPaneOffsetY</top>
				<!--<include>InfoPaneImage</include>-->
				<include>InfoPaneMediaDetails</include>
				<include>BottomPaneOpenCloseAnim</include>
				
				<control type="group">
					<visible>!Skin.HasSetting(HideVideosThumbsInfoLabel) + !ListItem.IsParentFolder</visible>
					
					<control type="label">
						<include>InfoPaneItemTitle</include>
						<label>[B]$INFO[ListItem.Label][/B]</label>
					</control>
					
					<control type="image">
						<left>590</left>
						<top>24</top>
						<width>100</width>
						<height>16</height>
						<texture background="true">$VAR[StarRating]</texture>
						<aspectratio>keep</aspectratio>
						<include>MediaFlagFadeAnim</include>
						<visible>!Skin.HasSetting(DoNotUseStarRatingVideos) + ![String.IsEmpty(ListItem.Rating) + String.IsEmpty(ListItem.UserRating)]</visible>
					</control>
					<control type="label">
						<include>InfoPaneItemTitle2</include>
						<label>$VAR[RatingType]</label>
						<visible>Skin.HasSetting(DoNotUseStarRatingVideos) + ![String.IsEmpty(ListItem.Rating) + String.IsEmpty(ListItem.UserRating)]</visible>
					</control>
				</control>
			</control>

			<include>ViewsDialogPopUpScreenDim</include>
		</control>
	</include>
	<!--//// END THUMBS INFO VIEW /////////////////////////////////////////////////////////////////////-->
</includes>