<?xml version="1.0" encoding="UTF-8"?>
<includes>
	<!--//// START LIST INFO 2 VIEW ///////////////////////////////////////////////////////////////////-->
	<include name="MusicVideosListInfoView2">
		<control type="group" id="500">
	        <defaultcontrol always="true">587</defaultcontrol>
			<visible>Control.IsVisible(587)</visible>
			<include>MediaViewOpenCloseAnim</include>
			<include>ViewContentPanel</include>
			<include>ListInfo2MediaInfoPanelCommon</include>
			
			<control type="group">
				<visible>!String.IsEmpty(ListItem.Title)</visible>
				<control type="image">
					<left>40</left>
					<top>116</top>
					<width>542</width>
					<height>304</height>
					<texture border="4">panels/panel3.png</texture>
					<include>ListInfoViewMediaInfoBackgroundFadeAnim</include>
				</control>
				
				<control type="image">
					<left>40</left>
					<top>116</top>
					<width>542</width>
					<height>304</height>
					<texture background="true" diffuse="covers/list-info-2-fanart-diffuse.png">$INFO[ListItem.Thumb]</texture>
					<aspectratio scalediffuse="false">scale</aspectratio>
					<fadetime>FanartCrossfadeTime</fadetime>
				</control>
			
				<control type="image">
					<description>Genre Background</description>
					<left>43</left>
					<top>119</top>
					<width>250</width>
					<height>27</height>
					<texture border="8">views/genre-background.png</texture>
					<visible>!String.IsEmpty(ListItem.Genre) + !Skin.HasSetting(HideMusicVideosGenres)</visible>
				</control>
							
				<control type="label">
					<description>Genre</description>
					<left>51</left>
					<top>121</top>
					<width>234</width>
					<font>MediaInfoFont3</font>
					<textcolor>WhiteColor</textcolor>
					<shadowcolor>ShadowColor</shadowcolor>
					<label>[UPPERCASE]$INFO[ListItem.Genre][/UPPERCASE]</label>
					<scroll>false</scroll>
					<animation effect="fade" end="90" condition="true">Conditional</animation>
					<visible>!String.IsEmpty(ListItem.Genre) + !Skin.HasSetting(HideMusicVideosGenres)</visible>
				</control>
				
				<include content="ListInfo2MediaInfoArea">
					<param name="visible" value="true" />
					<param name="Grouplist1LabelWidth" value="150" />
					<param name="Grouplist1Label" value="$LOCALIZE[345]" />
					<param name="Grouplist1InfoWidth" value="150" />
					<param name="Grouplist1Info" value="$INFO[ListItem.Year]" />
					<param name="Grouplist2LabelWidth" value="150" />
					<param name="Grouplist2Label" value="$LOCALIZE[2050]" />
					<param name="Grouplist2InfoWidth" value="150" />
					<param name="Grouplist2Info" value="$VAR[DurationVar]" />
					<param name="Grouplist3LabelWidth" value="150" />
					<param name="Grouplist3Label" value="$LOCALIZE[572]" />
					<param name="Grouplist3InfoWidth" value="300" />
					<param name="Grouplist3Info" value="$INFO[ListItem.Studio]" />
					<param name="Grouplist4LabelWidth" value="150" />
					<param name="Grouplist4Label" value="$LOCALIZE[20339]" />
					<param name="Grouplist4InfoWidth" value="300" />
					<param name="Grouplist4Info" value="$INFO[ListItem.Director]" />
				</include>
				
				<include content="ListInfo2Plot">
					<param name="fallback" value="31203" />
					<param name="label" value="$INFO[ListItem.Plot]" />
					<param name="visible" value="!Container.OnNext + !Container.OnPrevious" />
				</include>
			</control>
			
			<control type="list" id="587">
				<viewtype label="31112">list</viewtype>
				<left>595</left>
				<top>110</top>
				<width>630</width>
				<height>518</height>
				<pagecontrol>90707</pagecontrol>
				<preloaditems>2</preloaditems>
				<scrolltime tween="sine" easing="inout">300</scrolltime>
				<onup>587</onup>
				<ondown>587</ondown>
				<onleft>850</onleft>
				<onright>150</onright>
				<visible>Container.Content(MusicVideos)</visible>
				<include condition="Skin.String(MusicVideosListInfo2Style,1) | Skin.String(MusicVideosListInfo2Style,3)">MusicVideosListInfo2ItemLayout</include>
				<include condition="String.IsEmpty(Skin.String(MusicVideosListInfo2Style)) | Skin.String(MusicVideosListInfo2Style,2)">MusicVideosListInfo2TallStyleItemLayout</include>
				<include condition="Skin.String(MusicVideosListInfo2Style,1)">MusicVideosListInfo2FocusedLayout</include>
				<include condition="String.IsEmpty(Skin.String(MusicVideosListInfo2Style)) | Skin.String(MusicVideosListInfo2Style,2) | Skin.String(MusicVideosListInfo2Style,3)">MusicVideosListInfo2TallStyleFocusedLayout</include>
			</control>
			
			<include content="ListInfo2ViewScrollbar">
					<param name="id" value="90707" />
				</include>
			
			<control type="group">
				<description>Bottom Bar Area</description>
				<top>BottomPaneOffsetY</top>
				<!--<include>InfoPaneImage</include>-->
				<include>InfoPaneMediaDetails</include>
				<include condition="!Skin.HasSetting(EnableMusicLibraryClearLogos)">InfoPaneClearLogoMusic</include>
				<include>BottomPaneOpenCloseAnim</include>
			</control>

			<include>ViewsDialogPopUpScreenDim</include>
		</control>
	</include>
	
	<include name="MusicVideosListInfo2ItemLayout">
		<itemlayout height="37">
			<control type="image">
				<width>630</width>
				<height>37</height>
				<texture border="0,0,10,2">views/list-separator.png</texture>
				<aspectratio>stretch</aspectratio>
			</control>
			<control type="image">
				<description>Icon</description>
				<left>5</left>
				<top>6</top>
				<width>24</width>
				<height>24</height>
				<texture background="true">$INFO[ListItem.ActualIcon].png</texture>
				<aspectratio>keep</aspectratio>
				<visible>String.IsEmpty(ListItem.Title)</visible>
				<include>ListViewOverlayFadeAnim</include>
			</control>
			<control type="label">
				<description>Label</description>
				<left>35</left>
				<width>490</width>
				<height>37</height>
				<font>ListFont</font>
				<textcolor>ListColor</textcolor>
				<shadowcolor>ShadowColor</shadowcolor>
				<aligny>center</aligny>
				<info>ListItem.Label</info>
			</control>
			<control type="label">
				<description>Label2</description>
				<left>420</left>
				<width>200</width>
				<height>37</height>
				<font>ListFont2</font>
				<textcolor>ListColor3</textcolor>
				<shadowcolor>ShadowColor</shadowcolor>
				<align>right</align>
				<aligny>center</aligny>
				<info>ListItem.Label2</info>
				<visible>Skin.HasSetting(DoNotUseStarRatingMusicVideos)</visible>
			</control>
			<control type="group">
				<visible>!String.IsEmpty(ListItem.Title)</visible>
				<control type="image">
					<description>Star Rating</description>
					<left>520</left>
					<top>10</top>
					<width>100</width>
					<height>16</height>
					<texture background="true">$VAR[StarRating]</texture>
					<aspectratio align="right">keep</aspectratio>
					<visible>!Skin.HasSetting(DoNotUseStarRatingMusicVideos) + ![String.IsEmpty(ListItem.Rating) + String.IsEmpty(ListItem.UserRating)]</visible>
					<include>StarRatingFadeAnim</include>
				</control>
				<include content="VideoOverlays">
					<param name="top" value="6"/>
					<param name="left" value="5"/>
				</include>
			</control>
		</itemlayout>
	</include>
	
	<include name="MusicVideosListInfo2FocusedLayout">
		<focusedlayout height="37">
			<control type="image">
				<width>630</width>
				<height>37</height>
				<texture border="0,0,10,2">views/list-separator.png</texture>
				<aspectratio>stretch</aspectratio>
			</control>
			<control type="image">
				<width>630</width>
				<height>36</height>
				<texture border="4">views/list-focus.png</texture>
				<aspectratio>stretch</aspectratio>
				<visible>Control.HasFocus(587)</visible>
				<include>ListViewSelectFadeAnim</include>
				<include condition="![Skin.String(LowCPUPowerMode,Animations) | Skin.String(LowCPUPowerMode,Full)]">ListViewScrollAnim</include>
			</control>
			<control type="image">
				<width>630</width>
				<height>36</height>
				<texture border="4">views/list-alt-focus.png</texture>
				<aspectratio>stretch</aspectratio>
				<visible>!Control.HasFocus(587)</visible>
				<include>ListViewSelectFadeAnim2</include>
			</control>
			<control type="group">
				<include>ListViewFocusAnim</include>
				<control type="image">
					<description>Icon</description>
					<left>5</left>
					<top>6</top>
					<width>24</width>
					<height>24</height>
					<texture background="true">$INFO[ListItem.ActualIcon].png</texture>
					<aspectratio>keep</aspectratio>
					<visible>String.IsEmpty(ListItem.Title)</visible>
				</control>
				<control type="label">
					<description>Label</description>
					<left>35</left>
					<width>490</width>
					<height>37</height>
					<font>ListFont</font>
					<textcolor>SelectedColor</textcolor>
					<shadowcolor>ShadowColor</shadowcolor>
					<aligny>center</aligny>
					<info>ListItem.Label</info>
					<scroll>true</scroll>
				</control>
				<control type="label">
					<description>Label2</description>
					<left>420</left>
					<width>200</width>
					<height>37</height>
					<font>ListFont2</font>
					<textcolor>ListColor3</textcolor>
					<shadowcolor>ShadowColor</shadowcolor>
					<align>right</align>
					<aligny>center</aligny>
					<info>ListItem.Label2</info>
					<visible>Skin.HasSetting(DoNotUseStarRatingMusicVideos)</visible>
				</control>
				<control type="group">
					<visible>!String.IsEmpty(ListItem.Title)</visible>
					<control type="image">
						<description>Star Rating</description>
						<left>520</left>
						<top>10</top>
						<width>100</width>
						<height>16</height>
						<texture background="true">$VAR[StarRating]</texture>
						<aspectratio align="right">keep</aspectratio>
						<visible>!Skin.HasSetting(DoNotUseStarRatingMusicVideos) + ![String.IsEmpty(ListItem.Rating) + String.IsEmpty(ListItem.UserRating)]</visible>
						<include>StarRatingFadeAnim</include>
					</control>
					<include content="VideoOverlays2">
						<param name="top" value="6"/>
						<param name="left" value="5"/>
					</include>
				</control>
			</control>
		</focusedlayout>
	</include>
	
	<include name="MusicVideosListInfo2TallStyleItemLayout">
		<itemlayout height="74">
			<control type="image">
				<width>630</width>
				<height>74</height>
				<texture border="0,0,10,2">views/list-separator.png</texture>
				<aspectratio>stretch</aspectratio>
			</control>
			<control type="image">
				<description>Cover</description>
				<top>4</top>
				<width>97</width>
				<height>65</height>
				<bordertexture border="7">covers/cover-case-nofocus.png</bordertexture>
				<bordersize>5</bordersize>
				<texture background="true">$INFO[ListItem.Thumb]</texture>
				<aspectratio>scale</aspectratio>
			</control>
			<control type="image">
				<description>Dim</description>
				<top>4</top>
				<width>97</width>
				<height>65</height>
				<bordersize>5</bordersize>
				<texture background="true">dim.png</texture>
				<aspectratio>stretch</aspectratio>
				<visible>!String.IsEmpty(ListItem.Thumb)</visible>
				<include>CoverDimAnim</include>
			</control>
			<control type="image">
				<description>Default Cover</description>
				<top>4</top>
				<width>97</width>
				<height>65</height>
				<bordersize>5</bordersize>
				<texture background="true">$INFO[ListItem.ActualIcon]</texture>
				<aspectratio>keep</aspectratio>
				<visible>String.IsEmpty(ListItem.Thumb)</visible>
				<animation effect="fade" end="40" condition="true">Conditional</animation>
			</control>
			<control type="label">
				<description>Label</description>
				<left>104</left>
				<top>12</top>
				<width>411</width>
				<font>ListFont</font>
				<textcolor>ListColor</textcolor>
				<shadowcolor>ShadowColor</shadowcolor>
				<label>$INFO[ListItem.Label]</label>
			</control>
			<control type="label">
				<description>Label2</description>
				<left>104</left>
				<top>38</top>
				<width>411</width>
				<font>ListFont2</font>
				<textcolor>ListColor2</textcolor>
				<shadowcolor>ShadowColor</shadowcolor>
				<label>$INFO[ListItem.Artist,, - ]$INFO[ListItem.Year]</label>
				<visible>![String.IsEqual(Container.SortMethod,$LOCALIZE[557]) | String.IsEqual(Container.SortMethod,$LOCALIZE[554])]</visible>
			</control>
			<control type="label">
				<description>Label2</description>
				<left>104</left>
				<top>38</top>
				<width>411</width>
				<font>ListFont2</font>
				<textcolor>ListColor2</textcolor>
				<shadowcolor>ShadowColor</shadowcolor>
				<label>$INFO[ListItem.Year,, - ]$VAR[LongDurationVar]</label>
				<visible>String.IsEqual(Container.SortMethod,$LOCALIZE[557]) | String.IsEqual(Container.SortMethod,$LOCALIZE[554])</visible>
			</control>
			<control type="group">
				<visible>!String.IsEmpty(ListItem.Title)</visible>
				<control type="label">
					<description>Rating</description>
					<left>520</left>
					<top>12</top>
					<width>100</width>
					<font>ListFont</font>
					<textcolor>ListColor3</textcolor>
					<shadowcolor>ShadowColor</shadowcolor>
					<label>$VAR[RatingType]</label>
					<align>right</align>
					<visible>Skin.HasSetting(DoNotUseStarRatingMusicVideos) + ![String.IsEmpty(ListItem.Rating) + String.IsEmpty(ListItem.UserRating)]</visible>
				</control>
				<control type="image">
					<description>Star Rating</description>
					<left>520</left>
					<top>16</top>
					<width>100</width>
					<height>16</height>
					<texture background="true">$VAR[StarRating]</texture>
					<aspectratio align="right">keep</aspectratio>
					<visible>!Skin.HasSetting(DoNotUseStarRatingMusicVideos) + ![String.IsEmpty(ListItem.Rating) + String.IsEmpty(ListItem.UserRating)]</visible>
					<include>StarRatingFadeAnim</include>
				</control>
				<control type="group">
					<visible>!Skin.HasSetting(HideMusicVideosListInfo2Overlay)</visible>
					<include content="VideoOverlays">
						<param name="top" value="39"/>
						<param name="left" value="596"/>
					</include>
				</control>
			</control>
		</itemlayout>
	</include>
	
	<include name="MusicVideosListInfo2TallStyleFocusedLayout">
		<focusedlayout height="74">
			<control type="image">
				<width>630</width>
				<height>74</height>
				<texture border="0,0,10,2">views/list-separator.png</texture>
				<aspectratio>stretch</aspectratio>
			</control>
			<control type="image">
				<width>630</width>
				<height>73</height>
				<texture border="4">views/list-focus.png</texture>
				<aspectratio>stretch</aspectratio>
				<visible>Control.HasFocus(587)</visible>
				<include>ListViewSelectFadeAnim</include>
				<include condition="![Skin.String(LowCPUPowerMode,Animations) | Skin.String(LowCPUPowerMode,Full)] + ![String.IsEmpty(Skin.String(MusicVideosListInfo2Style)) | Skin.String(MusicVideosListInfo2Style,3)]">ListViewScrollAnim2</include>
				<include condition="![Skin.String(LowCPUPowerMode,Animations) | Skin.String(LowCPUPowerMode,Full)] + [String.IsEmpty(Skin.String(MusicVideosListInfo2Style)) | Skin.String(MusicVideosListInfo2Style,3)]">ListViewScrollAnim</include>
			</control>
			<control type="image">
				<width>630</width>
				<height>73</height>
				<texture border="4">views/list-alt-focus.png</texture>
				<aspectratio>stretch</aspectratio>
				<visible>!Control.HasFocus(587)</visible>
				<include>ListViewSelectFadeAnim2</include>
			</control>
			<control type="image">
				<description>Cover</description>
				<top>4</top>
				<width>97</width>
				<height>65</height>
				<bordertexture border="7">covers/cover-case-nofocus.png</bordertexture>
				<bordersize>5</bordersize>
				<texture background="true">$INFO[ListItem.Thumb]</texture>
				<aspectratio>scale</aspectratio>
				<include condition="![Skin.String(LowCPUPowerMode,Animations) | Skin.String(LowCPUPowerMode,Full)]">ListViewCoverFocusAnim</include>
			</control>
			<control type="image">
				<description>Default Cover</description>
				<top>4</top>
				<width>97</width>
				<height>65</height>
				<bordersize>5</bordersize>
				<texture background="true">$INFO[ListItem.ActualIcon]</texture>
				<aspectratio>keep</aspectratio>
				<visible>String.IsEmpty(ListItem.Thumb)</visible>
				<include condition="![Skin.String(LowCPUPowerMode,Animations) | Skin.String(LowCPUPowerMode,Full)]">ListViewCoverFocusAnim</include>
			</control>
			<control type="group">
				<include>ListViewFocusAnim</include>
				<control type="label">
					<description>Label</description>
					<left>104</left>
					<top>12</top>
					<width>411</width>
					<font>ListFont</font>
					<textcolor>SelectedColor</textcolor>
					<shadowcolor>ShadowColor</shadowcolor>
					<label>$INFO[ListItem.Label]</label>
					<scroll>true</scroll>
				</control>
				<control type="label">
					<description>Label2</description>
					<left>104</left>
					<top>38</top>
					<width>411</width>
					<font>ListFont2</font>
					<textcolor>ListColor2</textcolor>
					<shadowcolor>ShadowColor</shadowcolor>
					<label>$INFO[ListItem.Artist,, - ]$INFO[ListItem.Year]</label>
					<visible>![String.IsEqual(Container.SortMethod,$LOCALIZE[557]) | String.IsEqual(Container.SortMethod,$LOCALIZE[554])]</visible>
				</control>
				<control type="label">
					<description>Label2</description>
					<left>104</left>
					<top>38</top>
					<width>411</width>
					<font>ListFont2</font>
					<textcolor>ListColor2</textcolor>
					<shadowcolor>ShadowColor</shadowcolor>
					<label>$INFO[ListItem.Year,, - ]$VAR[LongDurationVar]</label>
					<visible>String.IsEqual(Container.SortMethod,$LOCALIZE[557]) | String.IsEqual(Container.SortMethod,$LOCALIZE[554])</visible>
				</control>
				<control type="group">
					<visible>!String.IsEmpty(ListItem.Title)</visible>
					<control type="label">
						<description>Rating</description>
						<left>520</left>
						<top>12</top>
						<width>100</width>
						<font>ListFont</font>
						<textcolor>ListColor3</textcolor>
						<shadowcolor>ShadowColor</shadowcolor>
						<label>$VAR[RatingType]</label>
						<align>right</align>
						<visible>Skin.HasSetting(DoNotUseStarRatingMusicVideos) + ![String.IsEmpty(ListItem.Rating) + String.IsEmpty(ListItem.UserRating)]</visible>
					</control>
					<control type="image">
						<description>Star Rating</description>
						<left>520</left>
						<top>16</top>
						<width>100</width>
						<height>16</height>
						<texture background="true">$VAR[StarRating]</texture>
						<aspectratio align="right">keep</aspectratio>
						<visible>!Skin.HasSetting(DoNotUseStarRatingMusicVideos) + ![String.IsEmpty(ListItem.Rating) + String.IsEmpty(ListItem.UserRating)]</visible>
						<include>StarRatingFadeAnim</include>
					</control>
					<control type="group">
						<visible>!Skin.HasSetting(HideMusicVideosListInfo2Overlay)</visible>
						<include content="VideoOverlays2">
							<param name="top" value="39"/>
							<param name="left" value="596"/>
						</include>
					</control>
				</control>
			</control>
		</focusedlayout>
	</include>
	<!--//// END LIST INFO 2 VIEW /////////////////////////////////////////////////////////////////////-->
</includes>