<?xml version="1.0" encoding="UTF-8"?>
<addon
  id="skin.Catoal"
  version="0.0.1"
  name="Catoal Skin"
  provider-name="Catoal">
  <requires>
    <import addon="xbmc.gui" version="5.12.0"/>
	  <import addon="script.favourites" version="6.0.3"/>
	  <import addon="service.skin.widgets" version="0.0.32"/>
	  <import addon="service.library.data.provider" version="0.1.6"/>
	  <import addon="script.randomandlastitems" version="2.2.2"/>
  </requires>
  <extension
    point="xbmc.gui.skin"
    debugging="false"
    effectslowdown="1.0">
    <res width="1280" height="720" aspect="16:9" default="true" folder="720p" />
  </extension>
  <extension point="xbmc.addon.metadata">
    <summary lang="en">Catoal Skin basado en Confluence original de Jezz_X and CCM by Mudislander.</summary>
    <description lang="en">Catoal Skin basado en Confluence original de Jezz_X and CCM by Mudislander.</description>
    <disclaimer lang="en">Catoal Skin basado en Confluence original de Jezz_X and CCM by Mudislander.</disclaimer>
    <platform>all</platform>
    <assets>
      <icon>resources/icon.png</icon>
      <fanart>resources/fanart.jpg</fanart>
	    <screenshot>resources/screenshot-01.jpg</screenshot>
	    <screenshot>resources/screenshot-02.jpg</screenshot>
	    <screenshot>resources/screenshot-03.jpg</screenshot>
	    <screenshot>resources/screenshot-04.jpg</screenshot>
	    <screenshot>resources/screenshot-05.jpg</screenshot>
	    <screenshot>resources/screenshot-06.jpg</screenshot>
	    <screenshot>resources/screenshot-07.jpg</screenshot>
	    <screenshot>resources/screenshot-08.jpg</screenshot>
	    <screenshot>resources/screenshot-09.jpg</screenshot>
    </assets>
    <news></news>
  </extension>
</addon>
