<?xml version="1.0" encoding="UTF-8"?>
<window>
	<defaultcontrol always="true">9000</defaultcontrol>
	<controls>
		<!--all content-->
		<control type="group">
			<visible>!Window.IsVisible(AddonSettings) + !Window.IsActive(TextViewer) + !Window.IsActive(ShutdownMenu)</visible>
			<animation effect="slide" start="1650,0" end="0,0" time="400" tween="quadratic" easing="out">WindowOpen</animation>
			<animation effect="slide" start="0,0" end="-1650,0" time="400" tween="quadratic" easing="out">WindowClose</animation>
			<animation effect="slide" start="-1650,0" end="0,0" time="400" tween="quadratic" easing="out">Visible</animation>
			<animation effect="slide" start="0,0" end="-1650,0" time="400" tween="quadratic" easing="out">Hidden</animation>
			<!--title bars and backgrounds-->
			<include content="DynamicDialogBackground">
				<param name="dialog-left" value="355" />
				<param name="dialog-width" value="1210" />
				<param name="glow-width" value="1290" />
				<param name="sidebar-visible" value="true" />
				<param name="sidebar-width" value="350" />
			</include>
			<!--close window button-->
			<control type="button">
				<left>360</left>
				<top>0</top>
				<width>50</width>
				<height>25</height>
				<label>-</label>
				<font>-</font>
				<onclick>PreviousMenu</onclick>
				<texturefocus>DialogCloseButton-focus.png</texturefocus>
				<texturenofocus>DialogCloseButton.png</texturenofocus>
				<onleft>3</onleft>
				<onright>3</onright>
				<onup>3</onup>
				<ondown>3</ondown>
				<visible>system.getbool(input.enablemouse)</visible>
			</control>
			<!--main content-->
			<control type="group">
				<left>355</left>
				<top>0</top>
				<!--title-->
				<control type="label" id="2">
					<left>45</left>
					<top>25</top>
					<width>1545</width>
					<height>60</height>
					<font>info.title</font>
					<align>left</align>
					<aligny>center</aligny>
					<textcolor>white</textcolor>
					<label>$LOCALIZE[24003]</label>
				</control>
				<control type="image">
					<left>10</left>
					<top>120</top>
					<width>330</width>
					<height>330</height>
					<aspectratio>keep</aspectratio>
					<texture>$INFO[ListItem.Icon]</texture>
				</control>
				<control type="label">
					<description>Addon Title value</description>
					<left>385</left>
					<top>120</top>
					<width>870</width>
					<height>45</height>
					<align>left</align>
					<aligny>center</aligny>
					<font>secondary.info.big</font>
					<label>[B]$INFO[ListItem.AddonName][/B]</label>
					<textcolor>ffffffff</textcolor>
					<scroll>true</scroll>
				</control>
				<control type="group">
					<left>370</left>
					<top>195</top>
					<control type="label">
						<description>Type txt</description>
						<left>15</left>
						<top>0</top>
						<width>210</width>
						<height>38</height>
						<label>$LOCALIZE[146]</label>
						<align>right</align>
						<aligny>center</aligny>
						<font>secondary.info</font>
						<textcolor>ffffffff</textcolor>
					</control>
					<control type="label">
						<description>Type Value</description>
						<left>240</left>
						<top>0</top>
						<width>585</width>
						<height>38</height>
						<label fallback="416">$INFO[ListItem.AddonType]</label>
						<align>left</align>
						<aligny>center</aligny>
						<font>secondary.info</font>
						<scroll>true</scroll>
					</control>
					<control type="label">
						<description>Author txt</description>
						<left>15</left>
						<top>45</top>
						<width>210</width>
						<height>38</height>
						<label>$LOCALIZE[21863]:</label>
						<align>right</align>
						<aligny>center</aligny>
						<font>secondary.info</font>
						<textcolor>ffffffff</textcolor>
					</control>
					<control type="label">
						<description>Author Value</description>
						<left>240</left>
						<top>45</top>
						<width>585</width>
						<height>38</height>
						<label fallback="416">$INFO[ListItem.AddonCreator]</label>
						<align>left</align>
						<aligny>center</aligny>
						<font>secondary.info</font>
						<scroll>true</scroll>
					</control>
					<control type="label">
						<description>Version txt</description>
						<left>15</left>
						<top>90</top>
						<width>210</width>
						<height>38</height>
						<label>$LOCALIZE[24051]</label>
						<align>right</align>
						<aligny>center</aligny>
						<font>secondary.info</font>
						<textcolor>gold</textcolor>
					</control>
					<control type="label">
						<description>Version Value</description>
						<left>240</left>
						<top>90</top>
						<width>585</width>
						<height>38</height>
						<label fallback="416">$INFO[ListItem.AddonVersion]</label>
						<align>left</align>
						<aligny>center</aligny>
						<font>secondary.info</font>
						<scroll>true</scroll>
					</control>
					<control type="label">
						<description>Summary txt</description>
						<left>15</left>
						<top>135</top>
						<width>210</width>
						<height>38</height>
						<label>$LOCALIZE[20037]:</label>
						<align>right</align>
						<aligny>center</aligny>
						<font>secondary.info</font>
						<textcolor>gold</textcolor>
					</control>
					<control type="fadelabel">
						<description>Summary Value</description>
						<left>240</left>
						<top>135</top>
						<width>585</width>
						<height>38</height>
						<label fallback="416">$INFO[ListItem.AddonSummary]</label>
						<align>left</align>
						<aligny>center</aligny>
						<font>secondary.info</font>
						<scrollout>false</scrollout>
						<pauseatend>2000</pauseatend>
					</control>
					<control type="image">
						<left>-5</left>
						<top>240</top>
						<width>830</width>
						<height>1</height>
						<texture>backgrounds/white5.png</texture>
					</control>
					<control type="label">
						<description>Description txt</description>
						<left>0</left>
						<top>255</top>
						<width>450</width>
						<height>38</height>
						<label>$LOCALIZE[21821]</label>
						<align>left</align>
						<aligny>center</aligny>
						<font>secondary.info</font>
						<textcolor>ffffffff</textcolor>
					</control>
					<control type="group">
						<visible>!String.IsEmpty(ListItem.AddonDisclaimer)</visible>
						<control type="label">
							<description>Description Page Count</description>
							<left>365</left>
							<top>255</top>
							<width>450</width>
							<height>38</height>
							<label>$LOCALIZE[31024] [COLOR=black]([/COLOR]$INFO[Container(400).CurrentPage]/$INFO[Container(400).NumPages][COLOR=black])[/COLOR]</label>
							<align>right</align>
							<aligny>center</aligny>
							<font>label</font>
							<textcolor>text.primary</textcolor>
						</control>
						<control type="textbox" id="400">
							<description>Description</description>
							<left>15</left>
							<top>294</top>
							<width>800</width>
							<height>333</height>
							<font>label</font>
							<align>justify</align>
							<textcolor>text.primary</textcolor>
							<label>$INFO[ListItem.AddonDescription]</label>
							<pagecontrol>60</pagecontrol>
						</control>
						<!--scrollbar-->
						<control type="scrollbar" id="60">
							<left>825</left>
							<top>292</top>
							<height>335</height>
							<texturesliderbackground colordiffuse="scroll.secondary">backgrounds/white.png</texturesliderbackground>
							<texturesliderbar colordiffuse="secondary">backgrounds/white.png</texturesliderbar>
							<onleft>9000</onleft>
							<onright>61</onright>
						</control>
						<control type="label">
							<description>Disclaimer txt</description>
							<left>0</left>
							<top>640</top>
							<width>810</width>
							<height>35</height>
							<label>$LOCALIZE[24052]</label>
							<align>left</align>
							<aligny>center</aligny>
							<font>secondary.info</font>
							<textcolor>gold</textcolor>
						</control>
						<control type="textbox">
							<description>Disclaimer</description>
							<left>15</left>
							<top>677</top>
							<width>800</width>
							<height>100</height>
							<font>label</font>
							<align>left</align>
							<textcolor>text.primary</textcolor>
							<label>$INFO[ListItem.AddonDisclaimer]</label>
							<autoscroll time="2000" delay="3000" repeat="5000">true</autoscroll>
						</control>
					</control>
					<control type="group">
						<visible>String.IsEmpty(ListItem.AddonDisclaimer)</visible>
						<control type="label">
							<description>Description Page Count</description>
							<left>365</left>
							<top>255</top>
							<width>450</width>
							<height>38</height>
							<label>$LOCALIZE[31024] [COLOR=black]([/COLOR]$INFO[Container(401).CurrentPage]/$INFO[Container(401).NumPages][COLOR=black]])[/COLOR]</label>
							<align>right</align>
							<aligny>center</aligny>
							<font>label</font>
							<textcolor>text.primary</textcolor>
						</control>
						<control type="textbox" id="401">
							<description>Description</description>
							<left>15</left>
							<top>310</top>
							<width>800</width>
							<height>435</height>
							<font>label</font>
							<align>justify</align>
							<textcolor>text.primary</textcolor>
							<label>$INFO[ListItem.AddonDescription]</label>
							<pagecontrol>61</pagecontrol>
						</control>
						<!--scrollbar-->
						<control type="scrollbar" id="61">
							<left>825</left>
							<top>308</top>
							<height>437</height>
							<orientation>vertical</orientation>
							<showonepage>false</showonepage>
							<texturesliderbackground colordiffuse="scroll.secondary">backgrounds/white.png</texturesliderbackground>
							<texturesliderbar colordiffuse="secondary">backgrounds/white.png</texturesliderbar>
							<onleft>60</onleft>
							<onright>9000</onright>
						</control>
					</control>
				</control>
				<control type="grouplist" id="9000">
					<left>10</left>
					<top>475</top>
					<width>330</width>
					<height>469</height>
					<onleft>60</onleft>
					<onright>60</onright>
					<onup>9000</onup>
					<ondown>9000</ondown>
					<itemgap>3</itemgap>
					<control type="button" id="9">
						<description>Configure Addon</description>
						<width>330</width>
						<height>64</height>
						<label>24020</label>
						<align>center</align>
						<texturefocus >backgrounds/white.png</texturefocus>
						<textcolor>white</textcolor>
						<focusedcolor>ffffffff</focusedcolor>
						<selectedcolor>ffffffff</selectedcolor>
						<disabledcolor>$VAR[Colour.400]</disabledcolor>
					</control>
					<control type="button" id="8">
						<description>Update Addon button</description>
						<width>330</width>
						<height>64</height>
						<label>24069</label>
						<align>center</align>
						<texturefocus >backgrounds/white.png</texturefocus>
						<textcolor>white</textcolor>
						<focusedcolor>ffffffff</focusedcolor>
						<selectedcolor>ffffffff</selectedcolor>
						<disabledcolor>$VAR[Colour.400]</disabledcolor>
					</control>
					<control type="radiobutton" id="13">
						<description>Auto-update button</description>
						<width>330</width>
						<height>64</height>
						<label>21340</label>
						<align>center</align>
						<textureradioonfocus colordiffuse="gold">radiobutton-focus.png</textureradioonfocus>
						<textureradioonnofocus colordiffuse="ffffffff">radiobutton-focus.png</textureradioonnofocus>
						<textureradioondisabled colordiffuse="$VAR[Colour.400]">radiobutton-focus.png</textureradioondisabled>
						<textureradioofffocus colordiffuse="gold">radiobutton-nofocus.png</textureradioofffocus>
						<textureradiooffnofocus colordiffuse="ffffffff">radiobutton-nofocus.png</textureradiooffnofocus>
						<textureradiooffdisabled colordiffuse="$VAR[Colour.400]">radiobutton-nofocus.png</textureradiooffdisabled>
						<texturefocus >backgrounds/white.png</texturefocus>
						<textcolor>white</textcolor>
						<focusedcolor>ffffffff</focusedcolor>
						<disabledcolor>$VAR[Colour.400]</disabledcolor>
					</control>
					<control type="button" id="12">
						<description>Launch Addon button</description>
						<width>330</width>
						<height>64</height>
						<label>518</label>
						<align>center</align>
						<texturefocus >backgrounds/white.png</texturefocus>
						<textcolor>white</textcolor>
						<focusedcolor>ffffffff</focusedcolor>
						<selectedcolor>ffffffff</selectedcolor>
						<disabledcolor>$VAR[Colour.400]</disabledcolor>
					</control>
					<control type="button" id="6">
						<description>Install/UnInstall Addon button</description>
						<width>330</width>
						<height>64</height>
						<label>24022</label>
						<align>center</align>
						<texturefocus >backgrounds/white.png</texturefocus>
						<textcolor>white</textcolor>
						<focusedcolor>ffffffff</focusedcolor>
						<selectedcolor>ffffffff</selectedcolor>
						<disabledcolor>$VAR[Colour.400]</disabledcolor>
					</control>
					<control type="button" id="7">
						<description>Enable/Disable Addon button</description>
						<width>330</width>
						<height>64</height>
						<label>24021</label>
						<align>center</align>
						<texturefocus >backgrounds/white.png</texturefocus>
						<textcolor>white</textcolor>
						<focusedcolor>ffffffff</focusedcolor>
						<selectedcolor>ffffffff</selectedcolor>
						<disabledcolor>$VAR[Colour.400]</disabledcolor>
					</control>
				</control>
				<control type="group">
					<visible>!String.IsEmpty(ListItem.AddonBroken)</visible>
					<left>0</left>
					<top>950</top>
					<control type="image">
						<description>background image</description>
						<left>0</left>
						<top>0</top>
						<width>1210</width>
						<height>130</height>
						<texture >backgrounds/white5.png</texture>
					</control>
					<control type="image">
						<left>0</left>
						<top>0</top>
						<width>1210</width>
						<height>20</height>
						<texture>homeshadow.png</texture>
						<animation effect="fade" start="100" end="75" time="0" condition="true">Conditional</animation>
					</control>
					<control type="image">
						<description>Icon image</description>
						<left>20</left>
						<top>20</top>
						<width>90</width>
						<height>90</height>
						<texture colordiffuse="text.primary">DefaultIconError.png</texture>
					</control>
					<control type="label">
						<description>header label</description>
						<left>150</left>
						<top>20</top>
						<width>1200</width>
						<height>25</height>
						<font>kai.primary</font>
						<label>24096</label>
						<align>left</align>
						<aligny>center</aligny>
						<textcolor>text.primary</textcolor>
					</control>
					<control type="textbox">
						<description>Reason label</description>
						<left>150</left>
						<top>54</top>
						<width>1200</width>
						<height>73</height>
						<font>kai.secondary</font>
						<label>$INFO[ListItem.AddonBroken]</label>
						<align>left</align>
						<textcolor>text.primary</textcolor>
					</control>
				</control>
			</control>
		</control>
	</controls>
</window>