<?xml version="1.0" encoding="UTF-8"?>
<window>
	<defaultcontrol always="true">20</defaultcontrol>
	<controls>
		<!--all content-->
		<control type="group">
			<visible>!Window.IsActive(PVRGroupManager)</visible>
			<animation effect="slide" start="1650,0" end="0,0" time="400" tween="quadratic" easing="out">WindowOpen</animation>
			<animation effect="slide" start="0,0" end="1650,0" time="400" tween="quadratic" easing="out">WindowClose</animation>
			<animation effect="slide" start="-1700,0" end="0,0" time="400" tween="quadratic" easing="out">Visible</animation>
			<animation effect="slide" start="0,0" end="-1700,0" time="400" tween="quadratic" easing="out">Hidden</animation>
			<animation effect="slide" start="0,0" end="-35,0" time="300" condition="Window.IsActive(ShutdownMenu)">Conditional</animation>
			<!--title bars and backgrounds-->
			<include content="DynamicDialogBackground">
				<param name="dialog-left" value="355" />
				<param name="dialog-width" value="1210" />
				<param name="glow-width" value="1290" />
				<param name="sidebar-visible" value="true" />
				<param name="sidebar-width" value="320" />
				<param name="buttonbar-visible" value="true" />
			</include>
			<!--close window button-->
			<control type="button">
				<left>360</left>
				<top>0</top>
				<width>50</width>
				<height>25</height>
				<label>-</label>
				<font>-</font>
				<onclick>PreviousMenu</onclick>
				<texturefocus>DialogCloseButton-focus.png</texturefocus>
				<texturenofocus>DialogCloseButton.png</texturenofocus>
				<onleft>3</onleft>
				<onright>3</onright>
				<onup>3</onup>
				<ondown>3</ondown>
				<visible>system.getbool(input.enablemouse)</visible>
			</control>
			<!--main content-->
			<control type="group">
				<left>343</left>
				<top>0</top>
				<!--tv title-->
				<control type="label">
					<left>57</left>
					<top>25</top>
					<width>1545</width>
					<height>60</height>
					<font>info.title</font>
					<align>left</align>
					<aligny>center</aligny>
					<textcolor>white</textcolor>
					<label>$LOCALIZE[19199] - $LOCALIZE[19023]</label>
					<visible>String.IsEmpty(Window.Property(IsRadio))</visible>
				</control>
				<!--radio title-->
				<control type="label">
					<left>57</left>
					<top>25</top>
					<width>1545</width>
					<height>60</height>
					<font>info.title</font>
					<align>left</align>
					<aligny>center</aligny>
					<textcolor>white</textcolor>
					<label>$LOCALIZE[19199] - $LOCALIZE[19024]</label>
					<visible>!String.IsEmpty(Window.Property(IsRadio))</visible>
				</control>
				<!--scrollbar-->
				<control type="scrollbar" id="60">
					<visible>!Window.IsActive(SelectDialog)</visible>
					<left>0</left>
					<top>120</top>
					<height>775</height>
					<texturesliderbackground colordiffuse="scroll.secondary">backgrounds/white.png</texturesliderbackground>
					<texturesliderbar colordiffuse="secondary">backgrounds/white.png</texturesliderbar>
					<onleft>9002</onleft>
					<onright>20</onright>
				</control>
				<control type="list" id="20">
					<left>22</left>
					<top>120</top>
					<width>330</width>
					<height>780</height>
					<onup>20</onup>
					<ondown>20</ondown>
					<onleft>60</onleft>
					<onright>9002</onright>
					<pagecontrol>60</pagecontrol>
					<scrolltime>200</scrolltime>
					<itemlayout height="65" width="330">
						<control type="label">
							<left>15</left>
							<top>0</top>
							<width>270</width>
							<height>60</height>
							<font>button</font>
							<align>left</align>
							<aligny>center</aligny>
							<textcolor>white</textcolor>
							<selectedcolor>selected</selectedcolor>
							<label>$INFO[ListItem.Property(Number),(,) - ]$INFO[ListItem.Property(Name)]</label>
							<visible>ListItem.Property(ActiveChannel)</visible>
						</control>
						<control type="label">
							<left>15</left>
							<top>0</top>
							<width>270</width>
							<height>60</height>
							<font>button</font>
							<align>left</align>
							<aligny>center</aligny>
							<textcolor>grey3</textcolor>
							<selectedcolor>selected</selectedcolor>
							<label>$INFO[ListItem.Property(Number),(,) - ]$INFO[ListItem.Property(Name)]</label>
							<visible>!ListItem.Property(ActiveChannel)</visible>
						</control>
						<control type="image">
							<left>585</left>
							<top>15</top>
							<width>30</width>
							<height>30</height>
							<texture>OverlayWatched.png</texture>
							<visible>ListItem.Property(Changed)</visible>
						</control>
					</itemlayout>
					<focusedlayout height="65" width="330">
						<control type="image">
							<left>0</left>
							<top>0</top>
							<width>300</width>
							<height>60</height>
							<texture >new_pvr/listselect_fo3.png</texture>
							<animation effect="fade" start="100" end="50" time="0" condition="!Control.HasFocus(20)">conditional</animation>
						</control>
						<control type="label">
							<left>15</left>
							<top>0</top>
							<width>270</width>
							<height>60</height>
							<font>button</font>
							<align>left</align>
							<aligny>center</aligny>
							<textcolor>$VAR[Colour.900]</textcolor>
							<selectedcolor>selected</selectedcolor>
							<label>$INFO[ListItem.Property(Number),(,) - ]$INFO[ListItem.Property(Name)]</label>
							<visible>ListItem.Property(ActiveChannel)</visible>
						</control>
						<control type="label">
							<left>15</left>
							<top>0</top>
							<width>270</width>
							<height>60</height>
							<font>button</font>
							<align>left</align>
							<aligny>center</aligny>
							<textcolor>grey3</textcolor>
							<selectedcolor>selected</selectedcolor>
							<label>$INFO[ListItem.Property(Number),(,) - ]$INFO[ListItem.Property(Name)]</label>
							<visible>!ListItem.Property(ActiveChannel)</visible>
						</control>
						<control type="image">
							<left>585</left>
							<top>15</top>
							<width>30</width>
							<height>30</height>
							<texture>OverlayWatched.png</texture>
							<visible>ListItem.Property(Changed)</visible>
						</control>
					</focusedlayout>
				</control>
				<control type="group" id="9002">
					<control type="image">
						<left>27</left>
						<top>905</top>
						<width>300</width>
						<height>100</height>
						<aspectratio>keep</aspectratio>
						<texture background="true">$INFO[Container(20).ListItem.Icon]</texture>
					</control>
					<control type="label">
						<left>342</left>
						<top>970</top>
						<width>870</width>
						<height>45</height>
						<align>right</align>
						<aligny>center</aligny>
						<font>secondary.info.small</font>
						<label>$LOCALIZE[19210]: $INFO[ListItem.Property(ClientName)]</label>
					</control>
					<control type="grouplist">
						<left>342</left>
						<top>120</top>
						<width>870</width>
						<height>845</height>
						<itemgap>5</itemgap>
						<onleft>20</onleft>
						<onright>20</onright>
						<onup>9000</onup>
						<ondown>9000</ondown>
						<control type="label" id="1">
							<description>channel options Header</description>
							<width>870</width>
							<height>60</height>
							<font>button.bold</font>
							<textcolor>white</textcolor>
							<textoffsetx>5</textoffsetx>
							<aligny>center</aligny>
							<label>$LOCALIZE[31511]</label>
						</control>
						<control type="radiobutton" id="7">
							<description>Channel activated</description>
							<width>870</width>
							<label>19074</label>
						</control>
						<control type="edit" id="8">
							<description>Channel name</description>
							<width>870</width>
							<label>19201</label>
						</control>
						<control type="group" id="390">
							<width>870</width>
							<height>60</height>
							<control type="button" id="9">
								<description>Channel logo Button</description>
								<left>0</left>
								<top>0</top>
								<width>870</width>
								<label>19202</label>
								<onleft>20</onleft>
								<onright>20</onright>
								<onup>8</onup>
								<ondown>12</ondown>
							</control>
							<control type="image" id="10">
								<description>Current Channel Icon</description>
								<left>815</left>
								<top>7</top>
								<width>45</width>
								<height>45</height>
								<aspectratio>keep</aspectratio>
								<info>ListItem.Property(Icon)</info>
							</control>
						</control>
						<control type="radiobutton" id="12">
							<description>EPG activated</description>
							<width>870</width>
							<label>19206</label>
						</control>
						<control type="spincontrolex" id="13">
							<description>EPG source</description>
							<width>870</width>
							<label>19200</label>
						</control>
						<control type="radiobutton" id="14">
							<description>Parental locked</description>
							<width>870</width>
							<label>19267</label>
						</control>
						<control type="label" id="15">
							<description>channel options Header</description>
							<width>870</width>
							<height>60</height>
							<font>button.bold</font>
							<textcolor>white</textcolor>
							<textoffsetx>5</textoffsetx>
							<aligny>center</aligny>
							<label>$LOCALIZE[31026]</label>
						</control>
						<control type="button" id="31">
							<description>New channel Button</description>
							<width>870</width>
							<label>19204</label>
						</control>
						<control type="button" id="30">
							<description>Group Manager Button</description>
							<width>870</width>
							<label>19205</label>
						</control>
						<control type="group" id="391">
							<width>870</width>
							<height>60</height>
							<control type="button" id="34">
								<description>TV/Radio Button</description>
								<width>870</width>
								<visible>String.IsEmpty(Window.Property(IsRadio))</visible>
								<label>19024</label>
								<onup>30</onup>
								<ondown>9000</ondown>
							</control>
							<control type="button" id="34">
								<description>TV/Radio Button</description>
								<width>870</width>
								<visible>!String.IsEmpty(Window.Property(IsRadio))</visible>
								<label>19023</label>
								<onup>30</onup>
								<ondown>9000</ondown>
							</control>
						</control>
					</control>
				</control>
				<!--bottom buttons-->
				<control type="grouplist" id="9000">
					<left>117</left>
					<top>1015</top>
					<width>1000</width>
					<height>60</height>
					<align>justify</align>
					<orientation>horizontal</orientation>
					<onleft>9000</onleft>
					<onright>9000</onright>
					<onup>34</onup>
					<ondown>7</ondown>
					<!--ok button-->
					<include content="AnimatedCircleButtonGroup">
						<param name="button-id" value="4" />
						<param name="button-width" value="130" />
						<param name="button-texture" value="yesbutton" />
						<param name="button-label" value="186" />
						<param name="button-onup" value="34" />
						<param name="button-ondown" value="7" />
						<param name="button-onleft" value="6" />
						<param name="button-onright" value="5" />
					</include>
					<!--apply button-->
					<include content="AnimatedCircleButtonGroup">
						<param name="button-id" value="5" />
						<param name="button-width" value="270" />
						<param name="button-texture" value="refreshbutton" />
						<param name="button-label" value="14070" />
						<param name="button-onup" value="34" />
						<param name="button-ondown" value="7" />
						<param name="button-onleft" value="4" />
						<param name="button-onright" value="6" />
					</include>
					<!--cancel button-->
					<include content="AnimatedCircleButtonGroup">
						<param name="button-id" value="6" />
						<param name="button-width" value="160" />
						<param name="button-texture" value="nobutton" />
						<param name="button-label" value="222" />
						<param name="button-onup" value="34" />
						<param name="button-ondown" value="7" />
						<param name="button-onleft" value="5" />
						<param name="button-onright" value="4" />
					</include>
				</control>
			</control>
		</control>
	</controls>
</window>