<?xml version="1.0" encoding="UTF-8"?>
<includes>
	<include name="PVRHeader">
		<!--breadcrumbs-->
		<control type="group">
			<!--breadcrumb bg-->
			<control type="image">
				<left>64</left>
				<top>60</top>
				<width>500</width>
				<height>45</height>
				<texture colordiffuse="tertiary"></texture>
			</control>
			<!--breadcrumb strip-->
			<control type="image">
				<left>60</left>
				<top>60</top>
				<width>10</width>
				<height>45</height>
				<texture colordiffuse="$VAR[Colour.500]"></texture>
			</control>
			<!--breadcrumb labels-->
			<control type="grouplist">
				<left>73</left>
				<top>60</top>
				<width>1500</width>
				<height>45</height>
				<orientation>horizontal</orientation>
				<align>left</align>
				<itemgap>8</itemgap>
				<control type="label">
					<include>WindowTitleCommons</include>
					<label>$LOCALIZE[19020]</label>
					<visible>String.IsEmpty(Window.Property(IsRadio))</visible>
				</control>
				<control type="label">
					<include>WindowTitleCommons</include>
					<label>$LOCALIZE[19021]</label>
					<visible>!String.IsEmpty(Window.Property(IsRadio))</visible>
				</control>
				<control type="label">
					<textcolor>white</textcolor>
					<include>WindowTitleCommons</include>
					<label>[LOWERCASE]$LOCALIZE[19019][/LOWERCASE]</label>
					<visible>Window.IsActive(TVChannels) | Window.IsActive(RadioChannels)</visible>
				</control>
				<control type="label">
					<textcolor>white</textcolor>
					<include>WindowTitleCommons</include>
					<label>[LOWERCASE]$LOCALIZE[22020][/LOWERCASE]</label>
					<visible>Window.IsActive(TVGuide) | Window.IsActive(RadioGuide)</visible>
				</control>
				<control type="label">
					<textcolor>white</textcolor>
					<include>WindowTitleCommons</include>
					<label>[LOWERCASE]$LOCALIZE[19017][/LOWERCASE]</label>
					<visible>Window.IsActive(TVRecordings) | Window.IsActive(RadioRecordings)</visible>
				</control>
				<control type="label">
					<textcolor>white</textcolor>
					<include>WindowTitleCommons</include>
					<label>[LOWERCASE]$LOCALIZE[19138][/LOWERCASE]</label>
					<visible>Window.IsActive(TVTimerRules) | Window.IsActive(RadioTimerRules)</visible>
				</control>
				<control type="label">
					<textcolor>white</textcolor>
					<include>WindowTitleCommons</include>
					<label>[LOWERCASE]$LOCALIZE[19040][/LOWERCASE]</label>
					<visible>Window.IsActive(TVTimers) | Window.IsActive(RadioTimers)</visible>
				</control>
				<control type="label">
					<textcolor>white</textcolor>
					<include>WindowTitleCommons</include>
					<label>[LOWERCASE]$LOCALIZE[137][/LOWERCASE]</label>
					<visible>Window.IsActive(TVSearch) | Window.IsActive(RadioSearch)</visible>
				</control>
				<control type="label">
					<width min="0" max="385">auto</width>
					<include>WindowTitleCommons</include>
					<label>$INFO[Control.GetLabel(29)]</label>
				</control>
				<control type="label">
					<width min="0" max="385">auto</width>
					<include>WindowTitleCommons</include>
					<label>$INFO[Control.GetLabel(30)]</label>
					<visible>String.IsEmpty(Control.GetLabel(29))</visible>
				</control>
				<control type="label">
					<textcolor>white</textcolor>
					<width min="0" max="385">auto</width>
					<include>WindowTitleCommons</include>
					<label>[LOWERCASE]$INFO[Control.GetLabel(30)][/LOWERCASE]</label>
					<visible>!String.IsEmpty(Control.GetLabel(29))</visible>
				</control>
			</control>
			<control type="label" id="29">
				<description>Empty so we can pass the values up one level</description>
				<visible>False</visible>
			</control>
			<control type="label" id="30">
				<description>Empty so we can pass the values up one level</description>
				<visible>False</visible>
			</control>
			<!--sort method bg-->
			<control type="image">
				<left>64</left>
				<top>110</top>
				<width>225</width>
				<height>34</height>
				<texture colordiffuse="tertiary">backgrounds/listselect_fo2.png</texture>
			</control>
			<!--sort method strip-->
			<control type="image">
				<left>60</left>
				<top>110</top>
				<width>4</width>
				<height>34</height>
				<texture >backgrounds/listselect_fo2.png</texture>
			</control>
			<!--sort method label-->
			<control type="label">
				<left>73</left>
				<top>110</top>
				<width>300</width>
				<height>34</height>
				<align>left</align>
				<aligny>center</aligny>
				<font>breadcrumb.secondary</font>
				<textcolor>text.primary</textcolor>
				<label>$INFO[Container.SortMethod,$LOCALIZE[31062] ]</label>
			</control>
		</control>
	</include>
	<include name="PVRSideBlade">
		<control type="group">
			<left>-375</left>
			<include>SideBladeLeft</include>
			<control type="grouplist" id="9000">
				<left>10</left>
				<top>100</top>
				<width>375</width>
				<height>900</height>
				<onleft>9000</onleft>
				<onright>50</onright>
				<onup>9000</onup>
				<ondown>9000</ondown>
				<itemgap>0</itemgap>
				<control type="button" id="100">
					<description>Channels</description>
					<left>0</left>
					<top>0</top>
					<textwidth>352</textwidth>
					<include>ButtonCommonValues</include>
					<label>19019</label>
					<onclick condition="Window.IsActive(TVChannels) | Window.IsActive(RadioChannels)">NextChannelGroup</onclick>
					<onclick condition="String.IsEmpty(Window.Property(IsRadio))">ActivateWindow(TVChannels)</onclick>
					<onclick condition="!String.IsEmpty(Window.Property(IsRadio))">ActivateWindow(RadioChannels)</onclick>
				</control>
				<control type="button" id="101">
					<description>TV Guide</description>
					<left>0</left>
					<top>120</top>
					<textwidth>352</textwidth>
					<include>ButtonCommonValues</include>
					<label>22020</label>
					<onclick condition="Window.IsActive(TVGuide) | Window.IsActive(RadioGuide)">NextChannelGroup</onclick>
					<onclick condition="String.IsEmpty(Window.Property(IsRadio))">ActivateWindow(TVGuide)</onclick>
					<onclick condition="!String.IsEmpty(Window.Property(IsRadio))">ActivateWindow(RadioGuide)</onclick>
				</control>
				<control type="button" id="102">
					<description>Recordings</description>
					<left>0</left>
					<top>180</top>
					<textwidth>352</textwidth>
					<include>ButtonCommonValues</include>
					<label>19163</label>
					<onclick condition="String.IsEmpty(Window.Property(IsRadio))">ActivateWindow(TVRecordings)</onclick>
					<onclick condition="!String.IsEmpty(Window.Property(IsRadio))">ActivateWindow(RadioRecordings)</onclick>
				</control>
				<control type="button" id="105">
					<description>Timer Rules</description>
					<left>0</left>
					<top>240</top>
					<textwidth>352</textwidth>
					<include>ButtonCommonValues</include>
					<label>19138</label>
					<onclick condition="String.IsEmpty(Window.Property(IsRadio))">ActivateWindow(TVTimerRules)</onclick>
					<onclick condition="!String.IsEmpty(Window.Property(IsRadio))">ActivateWindow(RadioTimerRules)</onclick>
				</control>
				<control type="button" id="103">
					<description>Timers</description>
					<left>0</left>
					<top>300</top>
					<textwidth>352</textwidth>
					<include>ButtonCommonValues</include>
					<label>19040</label>
					<onclick condition="String.IsEmpty(Window.Property(IsRadio))">ActivateWindow(TVTimers)</onclick>
					<onclick condition="!String.IsEmpty(Window.Property(IsRadio))">ActivateWindow(RadioTimers)</onclick>
				</control>
				<control type="button" id="104">
					<description>Search</description>
					<left>0</left>
					<top>360</top>
					<textwidth>352</textwidth>
					<include>ButtonCommonValues</include>
					<label>137</label>
					<onclick condition="String.IsEmpty(Window.Property(IsRadio))">ActivateWindow(TVSearch)</onclick>
					<onclick condition="!String.IsEmpty(Window.Property(IsRadio))">ActivateWindow(RadioSearch)</onclick>
				</control>
				<!--choose colour-->
				<control type="button" id="32">
					<label>$LOCALIZE[31919]</label>
					<include>ButtonCommonValues</include>
					<onclick>SetFocus(50)</onclick>
					<onclick>ActivateWindow(1100)</onclick>
				</control>
				<control type="button" id="28">
					<description>Channel Groups</description>
					<left>0</left>
					<right>60</right>
					<textwidth>352</textwidth>
					<include>ButtonCommonValues</include>
					<label>-</label>
				</control>
				<control type="button" id="2">
					<description>View As button</description>
					<left>0</left>
					<right>60</right>
					<textwidth>352</textwidth>
					<include>ButtonCommonValues</include>
					<label>-</label>
					<!-- <visible>Window.IsActive(TVGuide) | Window.IsActive(RadioGuide)</visible> -->
				</control>
				<control type="button" id="3">
					<description>Sort by button</description>
					<include>ButtonCommonValues</include>
					<label>103</label>
				</control>
				<control type="togglebutton" id="4">
					<description>Sort asc</description>
					<include>ButtonCommonValues</include>
					<label>31051</label>
					<altlabel>31050</altlabel>
					<usealttexture>Container.SortDirection(Ascending)</usealttexture>
				</control>
				<control type="radiobutton" id="31">
					<description>Filter</description>
					<left>0</left>
					<right>60</right>
					<textwidth>352</textwidth>
					<include>ButtonCommonValues</include>
					<label>587</label>
					<selected>Container.Filtered</selected>
					<onclick>right</onclick>
					<visible>Window.IsActive(MyPVRChannels.xml)</visible>
				</control>
				<control type="radiobutton" id="5">
					<description>Group recording items by folder structure</description>
					<left>0</left>
					<right>60</right>
					<textwidth>352</textwidth>
					<include>ButtonCommonValues</include>
					<label>19270</label>
					<visible>Window.IsActive(MyPVRRecordings.xml)</visible>
				</control>
				<control type="radiobutton" id="6">
					<description>Show hidden channels</description>
					<left>0</left>
					<right>60</right>
					<textwidth>352</textwidth>
					<include>ButtonCommonValues</include>
					<label>19051</label>
					<visible>Window.IsActive(MyPVRChannels.xml)</visible>
				</control>
				<control type="radiobutton" id="7">
					<description>Show deleted recordings</description>
					<left>0</left>
					<right>60</right>
					<textwidth>352</textwidth>
					<include>ButtonCommonValues</include>
					<label>19184</label>
					<visible>Window.IsActive(MyPVRRecordings.xml)</visible>
				</control>
				<control type="radiobutton" id="8">
					<description>Hide disabled timers</description>
					<textwidth>235</textwidth>
					<include>ButtonCommonValues</include>
					<label>19077</label>
					<visible>Window.IsActive(MyPVRTimers.xml)</visible>
				</control>
				<include>CommonNowPlaying_Controls</include>
			</control>
		</control>
	</include>
</includes>
