<?xml version="1.0" encoding="UTF-8"?>
<window>
	<defaultcontrol always="true">9001</defaultcontrol>
	<animation type="WindowOpen">
		<effect type="slide" start="0,665" end="0,0" time="300" tween="quadratic" easing="out" />
	</animation>
	<animation type="WindowClose">
		<effect type="slide" start="0,0" end="0,-765" time="300" tween="quadratic" easing="out" />
	</animation>
	<controls>
		<!--all content-->
		<control type="group">
			<top>-50</top>
			<!--background-->
			<control type="image">
				<left>0</left>
				<top>415</top>
				<width>1920</width>
				<height>270</height>
				<texture colordiffuse="tertiary">backgrounds/white5.png</texture>
			</control>
			<!--title bg-->
			<control type="image">
				<left>0</left>
				<top>415</top>
				<width>1920</width>
				<height>80</height>
				<texture >new_pvr/listselect_fo2.png</texture>
			</control>
			<!--title shadow-->
			<control type="image">
				<left>0</left>
				<top>495</top>
				<width>1920</width>
				<height>10</height>
				<texture>homeshadow.png</texture>
				<animation effect="fade" start="100" end="75" time="0" condition="true">Conditional</animation>
			</control>
			<!--buttons bg-->
			<control type="image">
				<left>0</left>
				<top>680</top>
				<width>1920</width>
				<height>70</height>
				<texture colordiffuse="primary">backgrounds/white.png</texture>
			</control>
			<!--buttons shadow-->
			<control type="image">
				<left>0</left>
				<top>680</top>
				<width>1920</width>
				<height>10</height>
				<texture>homeshadow.png</texture>
				<animation effect="fade" start="100" end="75" time="0" condition="true">Conditional</animation>
			</control>
			<!--top shadow-->
			<control type="image">
				<left>0</left>
				<top>385</top>
				<width>1920</width>
				<height>30</height>
				<texture flipy="true">homeshadow.png</texture>
			</control>
			<!--bottom shadow-->
			<control type="image">
				<left>0</left>
				<top>750</top>
				<width>1920</width>
				<height>30</height>
				<texture>homeshadow.png</texture>
			</control>
			<!--close button-->
			<control type="button">
				<description>Close Window button</description>
				<left>5</left>
				<top>415</top>
				<width>50</width>
				<height>25</height>
				<label>-</label>
				<font>-</font>
				<onclick>PreviousMenu</onclick>
				<texturefocus>DialogCloseButton-focus.png</texturefocus>
				<texturenofocus>DialogCloseButton.png</texturenofocus>
				<onleft>10</onleft>
				<onright>10</onright>
				<onup>10</onup>
				<ondown>10</ondown>
				<visible>system.getbool(input.enablemouse)</visible>
			</control>
			<!--title-->
			<control type="label">
				<left>60</left>
				<top>425</top>
				<width>1800</width>
				<height>60</height>
				<font>menu.title</font>
				<align>center</align>
				<aligny>center</aligny>
				<textcolor>white</textcolor>
				<label>$LOCALIZE[21421]</label>
			</control>
			<control type="label">
				<description>Rule match label</description>
				<left>60</left>
				<top>495</top>
				<width>1800</width>
				<height>45</height>
				<align>center</align>
				<aligny>center</aligny>
				<font>label</font>
				<textcolor>white</textcolor>
				<label>21422</label>
			</control>
			<control type="group" id="9001">
				<control type="button" id="15">
					<description>Rule Field</description>
					<left>450</left>
					<top>540</top>
					<width>550</width>
					<height>60</height>
					<font>-</font>
					<texturenofocus border="5" colordiffuse="text.primary">button-nofocus.png</texturenofocus>
					<onright>16</onright>
					<onleft>16</onleft>
					<onup>9000</onup>
					<ondown>17</ondown>
				</control>
				<control type="label">
					<description>Rule Field label</description>
					<left>460</left>
					<top>540</top>
					<width>450</width>
					<height>60</height>
					<label>$INFO[Control.GetLabel(15)]</label>
					<align>left</align>
					<aligny>center</aligny>
					<visible>!Control.HasFocus(15)</visible>
				</control>
				<control type="label">
					<description>Rule Field label</description>
					<left>460</left>
					<top>540</top>
					<width>450</width>
					<height>60</height>
					<label>$INFO[Control.GetLabel(15)]</label>
					<textcolor>white</textcolor>
					<align>left</align>
					<aligny>center</aligny>
					<visible>Control.HasFocus(15)</visible>
				</control>
				<control type="button" id="16">
					<description>Rule operator</description>
					<left>1010</left>
					<top>540</top>
					<width>548</width>
					<height>60</height>
					<font>-</font>
					<texturenofocus border="5" colordiffuse="text.primary">button-nofocus.png</texturenofocus>
					<onright>15</onright>
					<onleft>15</onleft>
					<onup>9000</onup>
					<ondown>20</ondown>
				</control>
				<control type="label">
					<description>Rule Field label</description>
					<left>1020</left>
					<top>540</top>
					<width>450</width>
					<height>60</height>
					<label>$INFO[Control.GetLabel(16)]</label>
					<align>left</align>
					<aligny>center</aligny>
					<visible>!Control.HasFocus(16)</visible>
				</control>
				<control type="label">
					<description>Rule Field label</description>
					<left>1020</left>
					<top>540</top>
					<width>450</width>
					<height>60</height>
					<label>$INFO[Control.GetLabel(16)]</label>
					<textcolor>white</textcolor>
					<align>left</align>
					<aligny>center</aligny>
					<visible>Control.HasFocus(16)</visible>
				</control>
			</control>
			<control type="edit" id="17">
				<description>Value Button</description>
				<left>450</left>
				<top>610</top>
				<width>848</width>
				<height>60</height>
				<aligny>center</aligny>
				<label>-</label>
				<texturenofocus border="5" colordiffuse="text.primary">button-nofocus.png</texturenofocus>
				<onup>15</onup>
				<onleft>20</onleft>
				<onright>20</onright>
				<ondown>9000</ondown>
			</control>
			<control type="group">
				<left>1304</left>
				<top>609</top>
				<!--browse button-->
				<include content="AnimatedCircleButtonGroup">
					<param name="button-id" value="20" />
					<param name="button-width" value="180" />
					<param name="button-texture" value="browsebutton" />
					<param name="button-label" value="1024" />
					<param name="button-onup" value="16" />
					<param name="button-ondown" value="9000" />
					<param name="button-onleft" value="17" />
					<param name="button-onright" value="17" />
				</include>
			</control>
			<!--bottom buttons-->
			<control type="grouplist" id="9000">
				<left>450</left>
				<top>685</top>
				<width>1000</width>
				<height>60</height>
				<align>justify</align>
				<orientation>horizontal</orientation>
				<onleft>9000</onleft>
				<onright>9000</onright>
				<onup>17</onup>
				<ondown>9001</ondown>
				<!--ok button-->
				<include content="AnimatedCircleButtonGroup">
					<param name="button-id" value="18" />
					<param name="button-width" value="130" />
					<param name="button-texture" value="yesbutton" />
					<param name="button-label" value="186" />
					<param name="button-onup" value="17" />
					<param name="button-ondown" value="9001" />
					<param name="button-onleft" value="19" />
					<param name="button-onright" value="19" />
				</include>
				<!--cancel button-->
				<include content="AnimatedCircleButtonGroup">
					<param name="button-id" value="19" />
					<param name="button-width" value="180" />
					<param name="button-texture" value="nobutton" />
					<param name="button-label" value="222" />
					<param name="button-onup" value="17" />
					<param name="button-ondown" value="9001" />
					<param name="button-onleft" value="18" />
					<param name="button-onright" value="18" />
				</include>
			</control>
		</control>
	</controls>
</window>