<?xml version="1.0" encoding="UTF-8"?>
<window>
	<defaultcontrol>-</defaultcontrol>
	<controls>
		<!-- media infos -->
		<control type="group" id="1">
			<visible>[Player.ShowInfo | Window.IsActive(VideoOSD)] + ![Window.IsVisible(OSDVideoSettings) | Window.IsVisible(OSDAudioSettings) | Window.IsVisible(VideoBookmarks) | Window.IsVisible(PVROSDChannels) | Window.IsVisible(PVROSDGuide) | Window.IsVisible(SliderDialog) | Window.IsVisible(Seekbar) | Window.IsVisible(OSDAudioDSPSettings)]</visible>
			<!--channel-->
			<control type="group" id="1">
				<visible>VideoPlayer.Content(LiveTV)</visible>
				<!--channel bg-->
				<control type="image" id="1">
					<left>64</left>
					<top>60</top>
					<width>500</width>
					<height>45</height>
					<texture colordiffuse="tertiary">backgrounds/white5.png</texture>
				</control>
				<!--channel strip-->
				<control type="image" id="1">
					<left>60</left>
					<top>60</top>
					<width>4</width>
					<height>45</height>
					<texture >backgrounds/white5.png</texture>
				</control>
				<!--channel labels-->
				<control type="grouplist" id="1">
					<left>73</left>
					<top>60</top>
					<width>1500</width>
					<height>45</height>
					<orientation>horizontal</orientation>
					<align>left</align>
					<itemgap>8</itemgap>
					<control type="label" id="1">
						<width min="0" max="482">auto</width>
						<include>WindowTitleCommons</include>
						<label>$INFO[VideoPlayer.ChannelNumberLabel]. $INFO[VideoPlayer.ChannelName]</label>
					</control>
				</control>
				<!--channel group bg-->
				<control type="image" id="1">
					<left>64</left>
					<top>110</top>
					<width>400</width>
					<height>34</height>
					<texture colordiffuse="tertiary">backgrounds/white5.png</texture>
				</control>
				<!--channel group strip-->
				<control type="image" id="1">
					<left>60</left>
					<top>110</top>
					<width>4</width>
					<height>34</height>
					<texture >backgrounds/white.png</texture>
				</control>
				<!--channel group label-->
				<control type="label" id="1">
					<left>73</left>
					<top>110</top>
					<width>400</width>
					<height>34</height>
					<align>left</align>
					<aligny>center</aligny>
					<font>breadcrumb.secondary</font>
					<textcolor>text.primary</textcolor>
					<label>$INFO[VideoPlayer.ChannelGroup,$LOCALIZE[31509]: ]</label>
				</control>
			</control>
			<!--time-->
			<control type="group" id="1">
				<animation effect="slide" start="0,0" end="-50,0" time="100" condition="Player.Muted">conditional</animation>
				<!--time background (12 hour)-->
				<control type="image" id="1">
					<left>214r</left>
					<top>60</top>
					<width>150</width>
					<height>45</height>
					<texture colordiffuse="tertiary">backgrounds/white5.png</texture>
					<visible>String.Contains(System.Time,am) | String.Contains(System.Time,pm)</visible>
				</control>
				<!--time background (24 hour)-->
				<control type="image" id="1">
					<left>174r</left>
					<top>60</top>
					<width>110</width>
					<height>45</height>
					<texture colordiffuse="tertiary">backgrounds/white5.png</texture>
					<visible>!String.Contains(System.Time,am) + !String.Contains(System.Time,pm)</visible>
				</control>
				<!--time background strip-->
				<control type="image" id="1">
					<left>64r</left>
					<top>60</top>
					<width>4</width>
					<height>45</height>
					<texture >backgrounds/white.png</texture>
				</control>
				<!--time-->
				<control type="label" id="1">
					<right>71</right>
					<top>60</top>
					<width>300</width>
					<height>45</height>
					<align>right</align>
					<aligny>center</aligny>
					<font>breadcrumb</font>
					<textcolor>text.primary</textcolor>
					<label>$INFO[System.Time(hh:mm)]$INFO[System.Time(xx), ,]</label>
				</control>
				<!--finish background-->
				<control type="image" id="1">
					<left>369r</left>
					<top>110</top>
					<width>305</width>
					<height>34</height>
					<texture colordiffuse="tertiary">backgrounds/white5.png</texture>
				</control>
				<!--finish time background strip-->
				<control type="image" id="1">
					<left>64r</left>
					<top>110</top>
					<width>4</width>
					<height>34</height>
					<texture >backgrounds/white.png</texture>
				</control>
				<!--finish time-->
				<control type="label" id="1">
					<right>71</right>
					<top>110</top>
					<width>300</width>
					<height>34</height>
					<align>right</align>
					<aligny>center</aligny>
					<font>breadcrumb.secondary</font>
					<textcolor>text.primary</textcolor>
					<label>$LOCALIZE[31049]: $INFO[Player.FinishTime]</label>
				</control>
			</control>
			<!--bottom info-->
			<control type="group" id="1">
				<animation effect="slide" start="0,0" end="0,100" time="200" condition="String.IsEmpty(VideoPlayer.Plot) | !Player.ShowInfo">Conditional</animation>
				<animation effect="slide" start="0,0" end="-372,0" time="200" delay="100" condition="Skin.HasSetting(SubtitleSection)">Conditional</animation>
				<!--background-->
				<control type="image" id="1">
					<left>390</left>
					<top>697</top>
					<width>1140</width>
					<height>190</height>
					<texture >backgrounds/np info bg.png</texture>
					<animation effect="zoom" start="390,697,1140,190" end="390,700,1140,290" time="200" condition="!String.IsEmpty(VideoPlayer.Plot) + Player.ShowInfo">Conditional</animation>
				</control>
				<!--title bg-->
				<control type="image" id="1">
					<left>295</left>
					<top>410r</top>
					<width>1320</width>
					<height>250</height>
					<texture >new_pvr/bg1111.png</texture>
				</control>
				<!--title shadow-->
				<control type="image" id="1">
					<left>400</left>
					<top>307r</top>
					<width>1120</width>
					<height>10</height>
					<texture>homeshadow.png</texture>
					<animation effect="fade" start="100" end="75" time="0" condition="true">Conditional</animation>
				</control>
				<!--info-->
				<control type="group" id="1">
					<top>377r</top>
					<!--title-->
					<control type="label" id="1">
						<!--1-->
						<left>415</left>
						<top>3</top>
						<width>1090</width>
						<height>60</height>
						<font>menu.title</font>
						<align>left</align>
						<aligny>center</aligny>
						<textcolor>white</textcolor>
						<label>$INFO[Player.Title]</label>
						<scroll>true</scroll>
					</control>
					<!--recording image-->
					<control type="image" id="1">
						<top>70</top>
						<left>1470</left>
						<width>48</width>
						<height>48</height>
						<texture colordiffuse="red">PVR-IsRecording.png</texture>
						<visible>VideoPlayer.Content(LiveTV) + Player.Recording</visible>
					</control>
					<!--tagline-->
					<control type="label" id="1">
						<left>415</left>
						<top>75</top>
						<width>1090</width>
						<height>38</height>
						<align>left</align>
						<font>font12</font>
						<textcolor>white</textcolor>
						<label fallback="$INFO[VideoPlayer.Genre]">$INFO[VideoPlayer.Tagline]</label>
						<visible>VideoPlayer.Content(Movies)</visible>
					</control>
					<!--tv show label-->
					<control type="label" id="1">
						<left>415</left>
						<top>75</top>
						<width>1090</width>
						<height>38</height>
						<align>left</align>
						<font>font12</font>
						<textcolor>white</textcolor>
						<label>$INFO[VideoPlayer.TVShowTitle] ($INFO[VideoPlayer.Season,,x]$INFO[VideoPlayer.Episode])</label>
						<visible>VideoPlayer.Content(Episodes)</visible>
					</control>
					<!--music video info-->
					<control type="label" id="1">
						<left>415</left>
						<top>75</top>
						<width>1090</width>
						<height>38</height>
						<align>left</align>
						<font>font12</font>
						<textcolor>white</textcolor>
						<label>$INFO[VideoPlayer.Artist] $INFO[VideoPlayer.Album, - ]</label>
						<visible>VideoPlayer.Content(MusicVideos)</visible>
					</control>
					<!--live tv info (not recording)-->
					<control type="label" id="1">
						<left>415</left>
						<top>75</top>
						<width>1090</width>
						<height>38</height>
						<align>left</align>
						<font>font12</font>
						<textcolor>white</textcolor>
						<label>$INFO[VideoPlayer.NextTitle,$LOCALIZE[19031]: ] ($INFO[VideoPlayer.NextStartTime] - $INFO[VideoPlayer.NextEndTime])</label>
						<visible>VideoPlayer.Content(LiveTV) + !Player.Recording</visible>
					</control>
					<!--live tv info (recording)-->
					<control type="label" id="1">
						<left>415</left>
						<top>75</top>
						<width>1060</width>
						<height>38</height>
						<align>left</align>
						<font>font12</font>
						<textcolor>white</textcolor>
						<label>$INFO[VideoPlayer.NextTitle,$LOCALIZE[19031]: ] ($INFO[VideoPlayer.NextStartTime] - $INFO[VideoPlayer.NextEndTime])</label>
						<visible>VideoPlayer.Content(LiveTV) + Player.Recording</visible>
					</control>
					<!--path-->
					<control type="label" id="1">
						<left>415</left>
						<top>75</top>
						<width>1090</width>
						<height>38</height>
						<align>left</align>
						<font>font12</font>
						<textcolor>white</textcolor>
						<label>$INFO[Player.FileNameAndPath]</label>
						<visible>VideoPlayer.Content(Files)</visible>
					</control>
					<!--plot-->
					<control type="textbox" id="1">
						<left>415</left>
						<top>110</top>
						<width>1090</width>
						<height>108</height>
						<font>label</font>
						<align>left</align>
						<textcolor>text.primary</textcolor>
						<label>$INFO[VideoPlayer.Plot]</label>
						<autoscroll time="1500" delay="15000" repeat="10000">Skin.HasSetting(AutoScroll)</autoscroll>
						<visible>Player.ShowInfo</visible>
						<animation effect="fade" start="0" end="100" time="100" delay="200">Visible</animation>
						<animation effect="fade" start="100" end="0" time="100">Hidden</animation>
					</control>
				</control>
				<!--progress-->
				<control type="group" id="1">
					<top>250r</top>
					<visible>!VideoPlayer.Content(LiveTV) | [VideoPlayer.Content(LiveTV) + VideoPlayer.HasEpg]</visible>
					<animation effect="slide" start="0,0" end="0,100" time="200" condition="!String.IsEmpty(VideoPlayer.Plot) + Player.ShowInfo">Conditional</animation>
					<!--cache-->
					<control type="progress" id="1">
						<left>415</left>
						<top>0</top>
						<width>1090</width>
						<height>8</height>
						<info>Player.ProgressCache</info>
						<midtexture >backgrounds/white5.png</midtexture>
					</control>
					<!--progress-->
					<control type="progress" id="1">
						<left>415</left>
						<top>0</top>
						<width>1090</width>
						<height>7</height>
						<info>Player.Progress</info>
						<texturebg>-</texturebg>
					</control>
					<!--current time-->
					<control type="label" id="1">
						<left>415</left>
						<top>-8</top>
						<width>150</width>
						<height>60</height>
						<font>breadcrumb.secondary</font>
						<align>left</align>
						<aligny>center</aligny>
						<label>$INFO[Player.Time(hh:mm:ss)]</label>
					</control>
					<!--chapter-->
					<control type="label" id="1">
						<visible>!VideoPlayer.Content(LiveTV)</visible>
						<left>415</left>
						<top>-8</top>
						<width>1080</width>
						<height>60</height>
						<font>breadcrumb.secondary</font>
						<align>center</align>
						<aligny>center</aligny>
						<label>$INFO[player.chapter,$LOCALIZE[21396]  ]$INFO[player.chaptercount, / ]</label>
						<visible>!Player.Paused + !Player.Caching + !Player.Seeking + !Player.DisplayAfterSeek + !Player.Forwarding + !Player.Rewinding</visible>
					</control>
					<!--chapter (paused)-->
					<control type="label" id="1">
						<visible>!VideoPlayer.Content(LiveTV)</visible>
						<left>415</left>
						<top>-8</top>
						<width>1080</width>
						<height>60</height>
						<font>breadcrumb.secondary</font>
						<align>center</align>
						<aligny>center</aligny>
						<label>$LOCALIZE[31043] • $INFO[player.chapter,$LOCALIZE[21396]  ]$INFO[player.chaptercount, / ]</label>
						<visible>[Player.Paused + !Player.Caching] + !Player.Seeking + !Player.DisplayAfterSeek</visible>
					</control>
					<!--chapter (caching)-->
					<control type="label" id="1">
						<visible>!VideoPlayer.Content(LiveTV)</visible>
						<left>415</left>
						<top>-8</top>
						<width>1080</width>
						<height>60</height>
						<font>breadcrumb.secondary</font>
						<align>center</align>
						<aligny>center</aligny>
						<label>$LOCALIZE[15107] $INFO[Player.CacheLevel]% • $INFO[player.chapter,$LOCALIZE[21396]  ]$INFO[player.chaptercount, / ]</label>
						<visible>[Player.Paused + Player.Caching] + !Player.Seeking</visible>
					</control>
					<!--chapter (seeking)-->
					<control type="label" id="1">
						<visible>!VideoPlayer.Content(LiveTV)</visible>
						<left>415</left>
						<top>-8</top>
						<width>1080</width>
						<height>60</height>
						<font>breadcrumb.secondary</font>
						<align>center</align>
						<aligny>center</aligny>
						<label>$LOCALIZE[31046] • $INFO[player.chapter,$LOCALIZE[21396]  ]$INFO[player.chaptercount, / ]</label>
						<visible>Player.Seeking</visible>
					</control>
					<!--chapter (final seek amount)-->
					<control type="label" id="1">
						<visible>!VideoPlayer.Content(LiveTV)</visible>
						<left>415</left>
						<top>-8</top>
						<width>1080</width>
						<height>60</height>
						<font>breadcrumb.secondary</font>
						<align>center</align>
						<aligny>center</aligny>
						<label>$LOCALIZE[31046] $INFO[Player.SeekOffset] • $INFO[player.chapter,$LOCALIZE[21396]  ]$INFO[player.chaptercount, / ]</label>
						<visible>Player.DisplayAfterSeek + ![player.forwarding | player.rewinding]</visible>
					</control>
					<!--chapter (fast forwarding)-->
					<control type="label" id="1">
						<visible>!VideoPlayer.Content(LiveTV)</visible>
						<left>415</left>
						<top>-8</top>
						<width>1080</width>
						<height>60</height>
						<font>breadcrumb.secondary</font>
						<align>center</align>
						<aligny>center</aligny>
						<label>$VAR[Forwarding] • $INFO[player.chapter,$LOCALIZE[21396]  ]$INFO[player.chaptercount, / ]</label>
						<visible>Player.Forwarding</visible>
					</control>
					<!--chapter (rewinding)-->
					<control type="label" id="1">
						<visible>!VideoPlayer.Content(LiveTV)</visible>
						<left>415</left>
						<top>-8</top>
						<width>1080</width>
						<height>60</height>
						<font>breadcrumb.secondary</font>
						<align>center</align>
						<aligny>center</aligny>
						<label>$VAR[Rewinding] • $INFO[player.chapter,$LOCALIZE[21396]  ]$INFO[player.chaptercount, / ]</label>
						<visible>Player.Rewinding</visible>
					</control>
					<!--end time-->
					<control type="label" id="1">
						<left>1355</left>
						<top>-8</top>
						<width>150</width>
						<height>60</height>
						<font>breadcrumb.secondary</font>
						<align>right</align>
						<aligny>center</aligny>
						<label>$INFO[Player.Duration(hh:mm:ss)]</label>
					</control>
				</control>
			</control>
		</control>
		<!-- codec info -->
		<control type="group" id="0">
			<left>0</left>
			<top>30</top>
			<animation effect="fade" time="200">VisibleChange</animation>
			<control type="image">
				<description>media info background image</description>
				<left>0</left>
				<top>0</top>
				<width>1920</width>
				<height>210</height>
				<texture>black-back.png</texture>
			</control>
			<control type="label" id="10">
				<description>row 1 label</description>
				<left>75</left>
				<top>15</top>
				<width>1770</width>
				<height>45</height>
				<align>left</align>
				<aligny>center</aligny>
				<label>-</label>
			</control>
			<control type="label" id="11">
				<description>row 2 label</description>
				<left>75</left>
				<top>82</top>
				<width>1770</width>
				<height>45</height>
				<align>left</align>
				<aligny>center</aligny>
				<label>-</label>
			</control>
			<control type="label" id="12">
				<description>row 3 label</description>
				<left>75</left>
				<top>150</top>
				<width>1770</width>
				<height>45</height>
				<align>left</align>
				<aligny>center</aligny>
				<label>-</label>
			</control>
		</control>
	</controls>
</window>