<?xml version="1.0" encoding="UTF-8"?>
<window>
  <defaultcontrol>1000</defaultcontrol>
  <controls>
    <control type="group" description="MENU">
      <animation type="WindowOpen">
        <effect type="fade" start="0" end="100" time="200" />
      </animation>
      <animation type="WindowClose">
        <effect type="fade" start="100" end="0" time="100" />
      </animation>
      <control type="image" id="999" description="Menu BG">
        <posy>-24</posy>
        <height>1020</height>
        <width>540</width>
        <texture border="0,40,0,40">dialogs/ContextMenu.png</texture>
      </control>
      <control type="grouplist" id="996" description="Context menu container">
        <posy>39</posy>
        <width>540</width>
        <height max="900">auto</height>
        <usecontrolcoords>true</usecontrolcoords>
      </control>
      <control type="button" id="1000" description="Buttons">
        <posx>24</posx>
        <width>492</width>
        <height>60</height>
        <textoffsetx>10</textoffsetx>
        <align>center</align>
        <texturefocus border="4" colordiffuse="Highlight">img/WhiteRoundedST2.png</texturefocus>
        <texturenofocus border="3">buttons/ButtonNF.png</texturenofocus>
        <focusedcolor>Black</focusedcolor>
        <shadowcolor></shadowcolor>
      </control>
    </control>
  </controls>
</window>