<?xml version="1.0" encoding="UTF-8"?>
<includes>
  <include name="StaticSettings">
    <movement>6</movement>
  </include>
  <include name="Vertical_Home_Layout">
    <control type="group" id="700">
      <include condition="!Skin.HasSetting(Use_Jarvis_Shelves)" content="HomeShelf">
        <param name="xoffset" value="430"/>
        <param name="yoffset" value="345"/>
        <param name="shelfwidth" value="1490"/>
      </include>
      <include condition="Skin.HasSetting(Use_Jarvis_Shelves)" content="HomeShelf_Jarvis">
        <param name="xoffset" value="430"/>
        <param name="yoffset" value="345"/>
        <param name="shelfwidth" value="1490"/>
      </include>
    </control>
    <control type="group">
      <control type="group" description="Furniture">
        <control type="image" description="Main Left Blade">
          <width>440</width>
          <height>1080</height>
          <texture border="0,0,30,0">common/ViewMenuHome.png</texture>
        </control>
        <control type="label">
          <visible>Skin.HasSetting(plexbmc)</visible>
          <posx>50</posx>
          <width>460</width>
          <height>80</height>
          <aligny>center</aligny>
          <textcolor>Grey3</textcolor>
          <shadowcolor>ShadowDark</shadowcolor>
          <label>$INFO[Container(300).ListItem.Label2]</label>
          <font>MainLabelBigTitle</font>
        </control>
      </control>
      <control type="fixedlist" id="300" description="Main Bar">
        <animation effect="fade" time="200" start="100" end="20" reversible="true" condition="!Control.HasFocus(300)">Conditional</animation>
        <left>30</left>
        <top>60</top>
        <width>380</width>
        <height>960</height>
        <onup>300</onup>
        <ondown>300</ondown>
        <onleft>9001</onleft>
        <onright>700</onright>
        <onback>9001</onback>
        <pagecontrol></pagecontrol>
        <focusposition>5</focusposition>
        <include condition="Skin.HasSetting(StaticVerticalHome)">StaticSettings</include>
        <movement>0</movement>
        <itemlayout height="80" width="380">
          <control type="label">
            <width>380</width>
            <height>80</height>
            <align>right</align>
            <aligny>center</aligny>
            <textcolor>Grey3</textcolor>
            <shadowcolor>ShadowDark</shadowcolor>
            <label>$INFO[ListItem.Label]</label>
            <scroll>false</scroll>
            <font>MainMenuVertical</font>
          </control>
        </itemlayout>
        <focusedlayout height="80" width="380">
          <control type="label">
            <width>380</width>
            <height>80</height>
            <align>right</align>
            <aligny>center</aligny>
            <textcolor>Highlight</textcolor>
            <shadowcolor>ShadowDark</shadowcolor>
            <label>$INFO[ListItem.Label]</label>
            <font>MainMenuVertical</font>
          </control>
        </focusedlayout>
        <content>
          <include>Home.Main.Menu.Items</include>
        </content>
      </control>
    </control>
    <control type="image" description="Sub Left Blade">
      <include>VisibleFadeEffect</include>
      <animation effect="slide" start="0,0" end="389,0" time="250" delay="0" reversible="true" condition="Control.HasFocus(9001)">conditional</animation>
      <animation effect="slide" start="0,0" end="400,0" time="250" delay="0" reversible="true" condition="Skin.HasSetting(plexbmc) + Control.HasFocus(311) + !String.IsEmpty(Container(311).ListItem.Property(Plot))">conditional</animation>
      <animation effect="fade" start="100" end="85" time="0" reversible="true" condition="Skin.HasSetting(plexbmc) + Control.HasFocus(311) + !String.IsEmpty(Container(311).ListItem.Property(Plot))">conditional</animation>
      <posx>-518</posx>
      <width>540</width>
      <height>1080</height>
      <texture border="0,0,30,0">common/ViewMenu.png</texture>
    </control>
    <control type="list" id="9001">
      <visible allowhiddenfocus="true">Control.HasFocus(9001)</visible>
      <include>VisibleFadeEffect</include>
      <animation effect="slide" start="0,0" end="450,0" time="250" delay="0" condition="Control.HasFocus(9001)">conditional</animation>
      <animation effect="fade" time="300" start="100" end="0" delay="0" reversible="true" condition="!Control.HasFocus(9001)">Conditional</animation>
      <animation effect="slide" start="0,0" end="0,60" time="0" delay="0" condition="Integer.IsLess(Container(9001).NumItems,10)">conditional</animation>
      <animation effect="slide" start="0,0" end="0,60" time="0" delay="0" condition="Integer.IsLess(Container(9001).NumItems,8)">conditional</animation>
      <animation effect="slide" start="0,0" end="0,60" time="0" delay="0" condition="Integer.IsLess(Container(9001).NumItems,6)">conditional</animation>
      <posx>-450</posx>
      <posy>210</posy>
      <width>400</width>
      <height>660</height>
      <onleft>300</onleft>
      <onright>300</onright>
      <onup>9001</onup>
      <ondown>9001</ondown>
      <onback>300</onback>
      <itemlayout width="400" height="60">
        <control type="image">
          <width>400</width>
          <height>60</height>
          <texture border="3">buttons/ButtonNF.png</texture>
        </control>
        <control type="label" description="Main Label">
          <posx>30</posx>
          <width>360</width>
          <height>60</height>
          <label>$INFO[ListItem.Label]</label>
        </control>
      </itemlayout>
      <focusedlayout width="400" height="60">
        <control type="image">
          <width>400</width>
          <height>60</height>
          <texture border="4" colordiffuse="Highlight">img/WhiteRoundedST2.png</texture>
        </control>
        <control type="label" description="Main Label">
          <posx>30</posx>
          <width>360</width>
          <height>60</height>
          <textcolor>Black</textcolor>
          <shadowcolor></shadowcolor>
          <label>$INFO[ListItem.Label]</label>
        </control>
      </focusedlayout>
      <content>
        <include>Home.Submenu.Items</include>
      </content>
    </control>
  </include>
</includes>
