<?xml version="1.0" encoding="UTF-8" standalone="yes"?>
<addon id="plugin.video.tom" name="[B][COLOR yellow]T[/COLOR][COLOR blue]O[/COLOR][COLOR red]M[/COLOR][/B]" version="3.2.3" provider-name="Freeworld">
	<requires>
		<import addon="xbmc.python" version="2.1.0" />
		<import addon="plugin.video.youtube" version="5.2.1" optional="true" />
		<import addon="script.module.pyxbmct" version="1.1.4" />
		<import addon="script.module.urlresolver" version="3.0.0"/>
		<import addon="script.module.liveresolver" version="0.1.24"/>
		<import addon="script.video.F4mProxy" version="2.2.3"/>
	</requires>
	<extension point="xbmc.python.pluginsource" library="default.py">
		<provides>video</provides>
	</extension>
	<extension point="xbmc.addon.metadata">
		<summary lang="en">Freeworld.Legacy</summary>
		<description lang="en">Discover Great Streaming Online and Enjoy</description>
		<platform>all</platform>
	</extension>
</addon>
