<?xml version="1.0" encoding="UTF-8" standalone="yes"?>
<addon id="plugin.video.EspAnime"
       name="[COLOR red]E[/COLOR][COLOR gold]s[/COLOR][COLOR red]p[/COLOR]Anime"
       version="0.0.1"
       provider-name="Mnemonick">
  <requires>
    <import addon="xbmc.python" version="2.1.0"/>
    <import addon="script.module.beautifulsoup" version="3.2.1"/>
    <import addon="script.module.simple.downloader" version="0.9.4"/>
    <import addon="script.module.beautifulsoup4" />
    <import addon="script.module.requests" />
    <import addon="script.module.httplib2" />
    <import addon="script.module.liveresolver" version="0.1.24" optional="true"/>
    <import addon="script.module.youtube.dl" optional="true"/>
    <import addon="plugin.video.youtube" optional="true" />
    <import addon="script.module.urlresolver" optional="true"/>
    <import addon="script.module.simplejson" />    
     <import addon="script.module.livestreamer" optional="true"/>
     <import addon="script.module.pyamf" optional="true"/>
  </requires>
  <extension point="xbmc.python.pluginsource" library="default.py">
    <provides>video</provides>
  </extension>

  <extension point="xbmc.addon.metadata">
    <summary>Creado por Mnemonick</summary>
    <description>EspAnime es un addon orientado en su mayoría a las series y películas de animación japonesa (con alguna excepción). La prioridad será el doblaje al castellano o en su defecto con subtítulos en español. (EspAnime 2018).</description>
    <platform>all</platform>
  </extension>
</addon>
