<?xml version="1.0" encoding="UTF-8" standalone="yes"?>
<addon id="plugin.video.YouMusic" name="YouMusic" version="1.0.3" provider-name="spanky">
  <requires>
    <import addon="xbmc.python" version="2.1.0"/>
    <import addon="plugin.video.youtube"/>
  </requires>
  <extension point="xbmc.python.pluginsource" library="addon.py">
    <provides>audio</provides>
  </extension>
  <extension point="xbmc.addon.metadata">
    <language>en</language>
    <summary lang="en">Watch All The Best Music Videos On YouTube. </summary>
    <description lang="en">Watch All The Best Music Videos From YouTube With YouMusic
        [COLOR blue]Brought to you In association with TVADDONS.ag[/COLOR]
	</description>
    <disclaimer lang="en">[COLOR blue]Please Visit TvAddons.ag For Support[/COLOR]
        [COLOR red]forums.tvaddons.ag/tvaddons-ag-addon-repository/46413-youmusic[/COLOR]
    </disclaimer>
    <platform>all</platform>
  </extension>
</addon>
