<?xml version="1.0" encoding="UTF-8"?>
<window>
  <defaultcontrol always="true">5550</defaultcontrol>
  <include>OSDFade</include>
  <controls>
    <control type="group">
      <top>680</top>
      <control type="image" description="Background">
        <width>1920</width>
        <height>401</height>
        <texture border="0,30,0,30">OSD/OSDBackground.png</texture>
        <colordiffuse>FFE2E2E2</colordiffuse>
      </control>
      <control type="grouplist">
        <left>30</left>
        <top>50</top>
        <visible>Control.HasFocus(5551)</visible>
        <control type="label">
          <width>1200</width>
          <height>50</height>
          <aligny>bottom</aligny>
          <label>$INFO[PVR.ActStreamServiceName,[COLOR Highlight]$LOCALIZE[19099]:[/COLOR] ]</label>
          <shadowcolor>black</shadowcolor>
        </control>
        <control type="label">
          <width>1200</width>
          <height>50</height>
          <aligny>bottom</aligny>
          <label>$INFO[PVR.ActStreamProviderName,[COLOR Highlight]$LOCALIZE[19101]:[/COLOR] ]</label>
          <shadowcolor>black</shadowcolor>
        </control>
        <control type="label">
          <width>1200</width>
          <height>50</height>
          <aligny>bottom</aligny>
          <label>$INFO[PVR.ActStreamClient,[COLOR Highlight]$LOCALIZE[19012]:[/COLOR] ]</label>
          <shadowcolor>black</shadowcolor>
        </control>
        <control type="label">
          <width>1200</width>
          <height>50</height>
          <aligny>bottom</aligny>
          <label>$INFO[PVR.ActStreamDevice,[COLOR Highlight]$LOCALIZE[19006]:[/COLOR] ]</label>
          <shadowcolor>black</shadowcolor>
        </control>
        <control type="label">
          <width>1200</width>
          <height>50</height>
          <aligny>bottom</aligny>
          <label>$INFO[PVR.ActStreamStatus,[COLOR Highlight]$LOCALIZE[19007]:[/COLOR] ]</label>
          <shadowcolor>black</shadowcolor>
        </control>
        <control type="label">
          <width>1200</width>
          <height>50</height>
          <aligny>bottom</aligny>
          <label>$INFO[PVR.ActStreamEncryptionName,[COLOR Highlight]$LOCALIZE[19015]:[/COLOR] ]</label>
          <shadowcolor>black</shadowcolor>
        </control>
      </control>
      <control type="grouplist">
        <left>1250</left>
        <top>50</top>
        <visible>Control.HasFocus(5551)</visible>
        <usecontrolcoords>true</usecontrolcoords>
        <control type="label">
          <width>600</width>
          <height>50</height>
          <aligny>bottom</aligny>
          <label>$INFO[PVR.ActStreamBer,[COLOR Highlight]$LOCALIZE[19010]:[/COLOR] ]</label>
          <shadowcolor>black</shadowcolor>
        </control>
        <control type="label">
          <width>600</width>
          <height>50</height>
          <aligny>bottom</aligny>
          <label>$INFO[PVR.ActStreamUnc,[COLOR Highlight]$LOCALIZE[19011]:[/COLOR] ]</label>
          <shadowcolor>black</shadowcolor>
        </control>
        <control type="label">
          <width>600</width>
          <height>50</height>
          <aligny>bottom</aligny>
          <label>$INFO[PVR.ActStreamMux,[COLOR Highlight]$LOCALIZE[19100]:[/COLOR] ]</label>
          <shadowcolor>black</shadowcolor>
        </control>
        <control type="label">
          <width>600</width>
          <height>50</height>
          <aligny>bottom</aligny>
          <label>$INFO[PVR.ActStreamSignal,[COLOR Highlight]$LOCALIZE[19008]:[/COLOR] ]</label>
          <shadowcolor>black</shadowcolor>
        </control>
        <control type="progress">
          <top>5</top>
          <width>600</width>
          <height>18</height>
          <info>PVR.ActStreamProgrSignal</info>
          <texturebg border="15,0,15,0">OSD/ProgressBG.png</texturebg>
          <midtexture border="15,0,15,0">OSD/ProgressBar.png</midtexture>
          <colordiffuse>Diffuse2</colordiffuse>
        </control>
        <control type="label">
          <top>5</top>
          <width>1600</width>
          <height>50</height>
          <aligny>bottom</aligny>
          <label>$INFO[PVR.ActStreamSNR,[COLOR Highlight]$LOCALIZE[19009]:[/COLOR] ]</label>
          <shadowcolor>black</shadowcolor>
        </control>
        <control type="progress">
          <width>600</width>
          <height>18</height>
          <info>PVR.ActStreamProgrSNR</info>
          <texturebg border="15,0,15,0">OSD/ProgressBG.png</texturebg>
          <midtexture border="15,0,15,0">OSD/ProgressBar.png</midtexture>
          <colordiffuse>Diffuse2</colordiffuse>
        </control>
      </control>
      <control type="grouplist">
        <left>30</left>
        <top>50</top>
        <visible>Control.HasFocus(5552)</visible>
        <control type="label">
          <width>1600</width>
          <height>50</height>
          <aligny>bottom</aligny>
          <label>$INFO[Player.Process(videodecoder),[COLOR Highlight]$LOCALIZE[31139]:[/COLOR] ]$VAR[VideoHWDecoder, (,)]</label>
          <shadowcolor>black</shadowcolor>
          <visible>Player.HasVideo</visible>          
        </control>
        <control type="label">
          <width>1600</width>
          <height>50</height>
          <aligny>bottom</aligny>
          <label>$INFO[Player.Process(pixformat),[COLOR Highlight]$LOCALIZE[31140]:[/COLOR] ]</label>
          <shadowcolor>black</shadowcolor>
          <visible>Player.HasVideo</visible>          
        </control>
        <control type="label">
          <width>1600</width>
          <height>50</height>
          <aligny>bottom</aligny>
          <label>$INFO[Player.Process(deintmethod),[COLOR Highlight]$LOCALIZE[16038]:[/COLOR] ]</label>
          <shadowcolor>black</shadowcolor>
          <visible>Player.HasVideo</visible>          
        </control>
        <control type="label">
          <width>1600</width>
          <height>50</height>
          <aligny>bottom</aligny>
          <label>$INFO[Player.Process(videowidth),[COLOR Highlight]$LOCALIZE[38031]:[/COLOR] ,x]$INFO[Player.Process(videoheight),, px]$INFO[Player.Process(videodar),$COMMA , AR]$INFO[Player.Process(videofps),$COMMA , FPS]</label>
          <shadowcolor>black</shadowcolor>
          <visible>Player.HasVideo</visible>          
        </control>
        <control type="label">
          <width>1600</width>
          <height>50</height>
          <aligny>bottom</aligny>
          <label>[COLOR Highlight]$LOCALIZE[460]:[/COLOR] $INFO[Player.Process(audiochannels),,$COMMA ]$INFO[Player.Process(audiodecoder)]$INFO[Player.Process(audiobitspersample),$COMMA , bits]$INFO[Player.Process(audiosamplerate),$COMMA , Hz]</label>
          <shadowcolor>black</shadowcolor>
        </control>
        <control type="label">
          <width>1600</width>
          <height>50</height>
          <aligny>bottom</aligny>
          <label>$INFO[System.Memory(used.percent),[COLOR Highlight]$LOCALIZE[31309]:[/COLOR] ,       ]$INFO[System.CpuUsage,[COLOR Highlight]$LOCALIZE[13271][/COLOR] ]</label>
          <shadowcolor>black</shadowcolor>
        </control>
      </control>
      <control type="grouplist" id="5550">
        <right>30</right>
        <top>-60</top>
        <width>1000</width>
        <height>100</height>
        <align>right</align>
        <orientation>horizontal</orientation>
        <itemgap>-10</itemgap>
        <onup>Close</onup>
        <ondown>Close</ondown>
        <usecontrolcoords>true</usecontrolcoords>
        <control type="button" id="5551">
          <width>auto</width>
          <height>60</height>
          <textoffsetx>40</textoffsetx>
          <label>$LOCALIZE[31137]</label>
          <visible>VideoPlayer.Content(livetv)</visible>
        </control>
        <control type="button" id="5552">
          <width>auto</width>
          <height>60</height>
          <textoffsetx>40</textoffsetx>
          <label>$LOCALIZE[31138]</label>
        </control>
      </control>
    </control>
  </controls>
</window>
