<?xml version="1.0" encoding="UTF-8"?>
<window>
  <onload condition="System.HasAddon(plugin.video.plexbmc) + Skin.HasSetting(plexbmc)">RunScript(plugin.video.plexbmc,amberskin,nocat)</onload>
  <onload condition="System.HasAddon(plugin.video.plexbmc) + Skin.HasSetting(plexbmc)">RunScript(plugin.video.plexbmc,channelShelf)</onload>
  <onload condition="!Skin.HasSetting(Hide.Favourites) + System.HasAddon(script.favourites)">RunScript(script.favourites)</onload>
  <defaultcontrol always="true">300</defaultcontrol>
  <controls>
    <control type="multiimage">
      <visible>![Player.HasVideo + Skin.HasSetting(Show_Player)]</visible>
      <include>Dimensions_Fullscreen</include>
      <timeperimage>12000</timeperimage>
      <fadetime>400</fadetime>
      <imagepath background="true">$VAR[HomeBackground]</imagepath>
      <randomize>true</randomize>
      <aspectratio>scale</aspectratio>
    </control>
    <control type="visualisation">
      <visible>Player.HasAudio + Skin.HasSetting(Show_Player)</visible>
      <include>Dimensions_Fullscreen</include>
    </control>
    <control type="videowindow">
      <visible>Player.HasVideo + Skin.HasSetting(Show_Player)</visible>
      <include>Dimensions_Fullscreen</include>
    </control>
    <control type="group" description="Content">
      <!--<include>OpenClose</include>-->
      <animation effect="fade" start="0" end="100" time="1000" condition="Window.Previous(Startup.xml)">Conditional</animation>
      <animation effect="fade" start="0" end="100" time="200" condition="!Window.Previous(Startup.xml)">Conditional</animation>
      <include condition="Skin.HasSetting(VerticalHome)">Vertical_Home_Layout</include>
      <include condition="!Skin.HasSetting(VerticalHome)">Horizontal_Home_Layout</include>
      <control type="group" description="Plexhome user">
        <control type="label"> <!-- username -->
            <visible>Skin.HasSetting(plexbmc) + String.IsEqual(Window(Home).Property(plexbmc.plexhome_enabled),true)</visible>
            <posx>1800</posx>
            <posy>1020</posy>
            <width>460</width>
            <height>80</height>
            <aligny>bottom</aligny>
            <align>right</align>
            <textcolor>Grey3</textcolor>
            <shadowcolor>ShadowDark</shadowcolor>
            <label>$INFO[Window(Home).Property(plexbmc.plexhome_user)]</label>
            <font>MainLabelBigTitle</font>
          </control>
          <control type="image"> <!-- avatar -->
            <visible>Skin.HasSetting(plexbmc) + String.IsEqual(Window(Home).Property(plexbmc.plexhome_enabled),true)</visible>
            <posx>1810</posx>
            <posy>995</posy>
            <width>74</width>
            <height>68</height>
            <texture diffuse="plexbmc/circle.png" >$INFO[Window(Home).Property(plexbmc.plexhome_avatar)]</texture>
          </control>
      </control>
      <include>Time</include>
      <control type="group">
        <include condition="Skin.HasSetting(Show_Library_Count)+ Skin.HasSetting(Use_Jarvis_Shelves)">Library_Count</include>
      </control>
    </control>
    <control type="group">
      <animation effect="slide" start="0,0" end="400,0" time="250" delay="0" reversible="true" condition="Skin.HasSetting(VerticalHome) + Skin.HasSetting(plexbmc) + Control.HasFocus(20001) + !String.IsEmpty(Container(20001).ListItem.Property(Plot))">conditional</animation>
      <control type="label" description="Title">
        <posx>-390</posx>
        <posy>90</posy>
        <width>390</width>
        <height>120</height>
        <textcolor>Highlight</textcolor>
        <font>InfoTitle</font>
        <align>center</align>
        <label>$LOCALIZE[20037]</label>
      </control>
      <control type="textbox" description="Plot">
        <posx>-390</posx>
        <posy>216</posy>
        <width>390</width>
        <height>800</height>
        <align>justify</align>
        <label>$INFO[Container(20001).ListItem.Property(Plot)]</label>
      </control>
    </control>
    <include condition="Skin.HasSetting(holiday)">Holiday</include>
  </controls>
</window>
