<?xml version="1.0" encoding="UTF-8"?>
<includes>
  <include name="View_53_Icons">
    <control type="group" description="Grid view">
      <include content="BackgroundOverlay">
        <param name="parentid" value="53"/>
      </include>
      <visible>Control.IsVisible(53)</visible>
      <include>ContentFade</include>
      <control type="panel" id="53" description="Grid">
        <viewtype label="$LOCALIZE[536]">bigicon</viewtype>
        <posx>30</posx>
        <posy>60</posy>
        <width>1860</width>
        <height>903</height>
        <orientation>vertical</orientation>
        <onleft>9000</onleft>
        <onright>63</onright>
        <onup>53</onup>
        <ondown>53</ondown>
        <preloaditems>12</preloaditems>
        <pagecontrol>63</pagecontrol>
        <visible>!Skin.HasSetting(hide.iconsview)</visible>

        <include content="BannerLayout">
          <param name="viewid">53</param>
        </include>

        <include content="PosterLayout">
          <param name="viewid">53</param>
        </include>

        <include content="EpisodeLayout">
          <param name="viewid">53</param>
        </include>

        <include content="MusicLayout">
          <param name="viewid">53</param>
        </include>

        <include content="ImageLayout">
          <param name="viewid">53</param>
        </include>

        <include content="AddonLayout">
          <param name="viewid">53</param>
        </include>

        <include content="GenericLayout">
          <param name="viewid">53</param>
        </include>

      </control>
      <control type="image" description="Footer Dim BG">
        <posy>939</posy>
        <width>1920</width>
        <height>147</height>
        <texture>img/GradientNew.png</texture>
      </control>
      <control type="image" description="Footer">
        <posy>939</posy>
        <width>1920</width>
        <height>147</height>
        <texture border="0,30,0,0">OSD/OSDBackground.png</texture>
      </control>
      <include>FooterInfo</include>
      <control type="scrollbar" id="63">
        <animation effect="slide" start="0,0" end="-6,0" time="150">Focus</animation>
        <animation effect="slide" start="-6,0" end="0,0" time="300">UnFocus</animation>
        <posx>20r</posx>
        <posy>60</posy>
        <width>36</width>
        <height>903</height>
        <texturesliderbackground></texturesliderbackground>
        <texturesliderbar></texturesliderbar>
        <texturesliderbarfocus></texturesliderbarfocus>
        <textureslidernib border="18">OSD/ScrollbarNibNF.png</textureslidernib>
        <textureslidernibfocus border="18">OSD/ScrollbarNibFO.png</textureslidernibfocus>
        <showonepage>false</showonepage>
        <orientation>vertical</orientation>
        <onleft>53</onleft>
        <onright>9000</onright>
      </control>
    </control>
  </include>
</includes>
