<?xml version="1.0" encoding="UTF-8" standalone="yes"?>
<addon id="script.piranha.metadata" version="3.0" name="Piranha Metadata" provider-name="VipSecret">
	<requires>
		<import addon="xbmc.python" version="2.19.0"/>
	</requires>
	<extension point="xbmc.python.module" library="lib" />
	<extension point="xbmc.addon.metadata">
		<summary>Metadata for the Piranha Addon</summary>
		<description>Metadata for Piranha are maintained separately to make distribution of the the addon itself easier/faster.</description>
		<platform>all</platform>
	</extension>
</addon>
