<?xml version="1.1" encoding="UTF-8" standalone="yes"?>
<addon id="RepoJJ" name="[COLOR lime]JJMAPA Repositorio[/COLOR]" version="1.1" provider-name="JJMAPA">
    <extension point="xbmc.addon.repository" name="JJMAPA Repositorio">
        <info>https://raw.githubusercontent.com/jjmapa/Repo/master/Repositorio/addons.xml</info>
        <checksum>https://raw.githubusercontent.com/jjmapa/Repo/master/Repositorio/addons.xml.md5</checksum>
        <datadir zip="true">https://raw.githubusercontent.com/jjmapa/Repo/master/Repositorio/</datadir>
    </extension>
    <extension point="xbmc.addon.metadata">
        <summary>Repositorio para Mis Addons</summary>
        <description></description>
        <disclaimer></disclaimer>
        <platform>all</platform>
    </extension>
</addon>
